rank,index,adjusted_balance,beta_epochs_missed,balance,eth1_addr,pub
1,105621,17815729,0,64226220957,0x2f5105ced98fd0dfaec6eed6125ab0d35f4e5c22,0x96a3462fc1ebcd32a6ee2d1644a3a18f155f33576723e5ffbe6ba6ae65c681e806dfbdc842ffe0cbd2de6a4fef681793
2,123967,15414929,0,32016784990,0x2f5105ced98fd0dfaec6eed6125ab0d35f4e5c22,0x96057e4a9bcb7b396f8abf0b3acc59b78a7c3b524b1255951ab9b8e2a726bec849f743f05f720a55a741cfe89416fc2c
3,123658,15170073,0,32019804250,0x2f5105ced98fd0dfaec6eed6125ab0d35f4e5c22,0x938cdffdd99f0ac0fb0b8a9c9d3d045857110456ca36e348fdcf49715a709d8a8b38807e1b2e9de78fce5f60a3cd7a5c
4,123467,14869041,0,32019158271,0x2f5105ced98fd0dfaec6eed6125ab0d35f4e5c22,0x81b2b64c28b4fa0bcd31a7fd171d68abc78c9db063c6a6f58a3347bf3f9d828682b11cb97f530accd6939d777f164aae
5,123742,14585397,0,32018778727,0x2f5105ced98fd0dfaec6eed6125ab0d35f4e5c22,0xb6d3480244f742389fbd5bb4b65352a6429d45a71f8c23dfece52f16a454bd431d5a76bae06a26d4bb96c2727f0076a1
6,123338,14482171,0,32020737023,0x2f5105ced98fd0dfaec6eed6125ab0d35f4e5c22,0xa91557d129bb7f33e39e056a72474c5a6c3225cd009c0f2a96bd2e9f7aae517521343b8d4c2d55d5ec7d17ccf46e46e3
7,106465,14371088,0,64192878259,0x2f5105ced98fd0dfaec6eed6125ab0d35f4e5c22,0x84317fcb8be3f3884cfa5c3eead72770347f705abc84ac0be89e41bc3f323a4975d9074d263d5ef6b493eba6a76fa0f9
8,124025,14118654,48,32014118654,0x2f5105ced98fd0dfaec6eed6125ab0d35f4e5c22,0x8e1ad7147e9010d2b6d8472102d58c1e451c8646c4bdb0e60b4c9c836e5664cae390db1fac9c5f669ff38035dc38574b
9,123484,14076641,0,32019739251,0x2f5105ced98fd0dfaec6eed6125ab0d35f4e5c22,0xa2b089e2e6b4fed39eb097d681b686e0eca929d94fa933b509dc0712d3fe87a5c0eabc9a1066d0262a20d71ffa99d90a
10,123290,14002093,0,32020482253,0x2f5105ced98fd0dfaec6eed6125ab0d35f4e5c22,0xb420da45f43c352c1c6fd9edaa6e2a8170c04e8f15e4b5fd1a6ad8bf833b5c28c5ad27830c6eb4de2a4c3173a9dbbd04
11,123812,13829428,0,32016100757,0x2f5105ced98fd0dfaec6eed6125ab0d35f4e5c22,0xa62043e6b929dbbb16a334649a642d88579a6a11052950e54d220105f72590b686b053ef5d801c8f1c4f02def7c82f38
12,121597,12986936,0,32039025108,0x2f5105ced98fd0dfaec6eed6125ab0d35f4e5c22,0xb09882c28799dc5ccdd0f61c9264f1f35432a1ee8e3716ab99f2aae6f74989b24665c1eb4fc95f15a86f31172e4119c9
13,123242,12974273,0,32022697306,0x2f5105ced98fd0dfaec6eed6125ab0d35f4e5c22,0x970a42dc007e679177772d7c6b8d9c8be9292124b0a9f363b20c329de59e9bbd25150a057872df827002767af2a12707
14,123661,12705230,0,32017351041,0x2f5105ced98fd0dfaec6eed6125ab0d35f4e5c22,0xb8eb6854971c231380c9e154e7f1914b1361ba0bb52846604d19dd01d872e3b19a204c7456392b5e2e06a57739583793
15,123613,12390663,0,32017350008,0x2f5105ced98fd0dfaec6eed6125ab0d35f4e5c22,0xa946a7d7b797ec2cb2fafb2c675159331f28a60d60ecc3145e3c635d59eae25e2766392d8ac8e0216a79174bb49d9d4b
16,123914,12103934,0,32013850471,0x2f5105ced98fd0dfaec6eed6125ab0d35f4e5c22,0x93d454a5c5246b599743e63487ba0759594a5029c2055fb029248a7c5ea3fed04112b9524c3f042c210cd0c600b64a8b
17,123945,12075855,0,32013547781,0x2f5105ced98fd0dfaec6eed6125ab0d35f4e5c22,0xb901e8c0e379b61df80dfd37f7ca35d98e80413da8eb5bf288d4a4ae8075f1e639d688cabac92f0bb83681e054ff3640
18,123582,11957340,0,32017055088,0x2f5105ced98fd0dfaec6eed6125ab0d35f4e5c22,0x952c36d126a0f4c870281c489ef80678c5180c28f7ac332f6d1ca5b76be20c4f1c2e404c644c08399030afdc0ac7397c
19,123642,11942692,0,32016627805,0x2f5105ced98fd0dfaec6eed6125ab0d35f4e5c22,0x90b5b4426b19f19d135d3673a79543bf797742a47402ede428c967a6ca002f9cec4f3f3df4e9c38daebaf00104e800cd
20,118511,11807737,0,64201670428,0x2f5105ced98fd0dfaec6eed6125ab0d35f4e5c22,0x9492daf573ae9220e88201327e9a28dd0f28e04e8906b67fbb28948d89ec64f2f0f63d7ae903ce1c4737a80a4e278e44
21,123267,11762156,0,32015499318,0x2f5105ced98fd0dfaec6eed6125ab0d35f4e5c22,0x893e7e52baa866271a065047367a015639039b4f1ce601286d508673ed7910e8847fa6268c06300605befbddcd9cff77
22,123233,11740696,0,32015686944,0x2f5105ced98fd0dfaec6eed6125ab0d35f4e5c22,0xa5d80135c87138527611280ac9ad15b65edd4d437b0e1345e4e66dd81dad7d2cf3d784ec3ca8a498890ec40ba338301f
23,123494,11730004,0,32017314941,0x2f5105ced98fd0dfaec6eed6125ab0d35f4e5c22,0x83f9cf6d5925dd70c7fd333e01f2cc57c440fa1ed40eccab157989af762bb2d71f9b2c773df4dbfa7a0293a81632c822
24,123399,11701161,0,32017850313,0x2f5105ced98fd0dfaec6eed6125ab0d35f4e5c22,0x85902ba93b2524b762074c34959dd3b824c654b093d6e21196d8ef8dd6f738bbd40ac6f8bb529439184ce4ee9a2043cc
25,123745,11687862,0,32018994835,0x2f5105ced98fd0dfaec6eed6125ab0d35f4e5c22,0x813d4228531e6df934fec68ec093c173c5a2887cebc4ace8a12163245d5f98cd1a7bff82c0c2c271d57888e3a06d3836
26,123459,11668285,0,32017455030,0x2f5105ced98fd0dfaec6eed6125ab0d35f4e5c22,0xb0c5af65b9c6f768bbf74471eb28e9b4de321d96033c32d7010d451ba666c79b2057047032a988ace496d2252133ccba
27,106469,11666125,0,64199568444,0x2f5105ced98fd0dfaec6eed6125ab0d35f4e5c22,0x91e1149ff3b1054b5bfad5865fd39f2c093da249583964bb205a1d0383d1c833b7ce26b70cbd39425284cf64f9ac98f8
28,123755,11655673,0,32015728554,0x2f5105ced98fd0dfaec6eed6125ab0d35f4e5c22,0x91de89d1b53087b481db4ac67babe01c969f0104ab6416dbb298aa7c973b2b4db850c7308da9d133290905b952cc5347
29,123113,11635913,0,32019152062,0x2f5105ced98fd0dfaec6eed6125ab0d35f4e5c22,0xb3a406b55da7c149778ac94dd2a7235839d15484cafda1c4d48dc1f26eda1db1c1f1d1633b33dabf98925a654f1a090c
30,123840,11614672,0,32013849986,0x2f5105ced98fd0dfaec6eed6125ab0d35f4e5c22,0x87a399df808d2d9690843ca3f97f3ef676ad3bab156d37b271f00741350f39230343c1b9a432b8d3cf49b19f8ab66e7d
31,123067,11589950,0,32019362968,0x2f5105ced98fd0dfaec6eed6125ab0d35f4e5c22,0x96905dbc04d0fdc73c3c5b3445d80ecad7b27b7357204809f11be55dea2ec5eff9ab711a909571f6fa47a4ada7df46d5
32,123539,11589001,0,32016965177,0x2f5105ced98fd0dfaec6eed6125ab0d35f4e5c22,0xa11fc3e23c52d5798f6779b35e56c837574c4d06a98dc7f0fda568d13e90b373218c1e5363b792d05c64afc6f3001b63
33,123697,11587873,0,32010788576,0x2f5105ced98fd0dfaec6eed6125ab0d35f4e5c22,0x98324e08388c3c9897bbdc913bdebb2e5714e0be8e97eff0e2330e1467b2a58c39162e3eaca2dedc13ea616e485711e4
34,123179,11585582,0,32018638489,0x2f5105ced98fd0dfaec6eed6125ab0d35f4e5c22,0x8b47bae187682990b2e4229515025a03c0663ed559e3e27c7e2d304e14e05a958aeb356a8017f157f8e7a1aff6c7babe
35,123851,11576071,0,32013722549,0x2f5105ced98fd0dfaec6eed6125ab0d35f4e5c22,0x843a1326e2155712d4533b614e48b570e785c959632430c3e67efcd387babd203a7dfc9bec8272d20a1b03b7d194cbaf
36,123333,11553041,0,32017824445,0x2f5105ced98fd0dfaec6eed6125ab0d35f4e5c22,0xa4b29184cd58e241331fbd55f78359e649f1a5f3968fa313eb9d763f90e6fae6b00124e5643ef6fdcdaccc0d1eb26ea6
37,123522,11552447,0,32016853601,0x2f5105ced98fd0dfaec6eed6125ab0d35f4e5c22,0x951300ed4c8ad50c594d57b870dd1a468ef6eaf3e9696e2c21b3922f63e8e261998fd16641cfd4b18147c63d604642c9
38,123928,11552187,0,32013160600,0x2f5105ced98fd0dfaec6eed6125ab0d35f4e5c22,0xa9372a5d4b2a3d254267b2653c12960fe62210eeaff8b5f8ddf4673613a4f3d9d9516f35af9c93d06eaa443865de36b2
39,123769,11512612,0,32015524599,0x2f5105ced98fd0dfaec6eed6125ab0d35f4e5c22,0x873a8c768a7135772ee19146df2256be643bed3843cf83c34a62b791003502ee5733463389ef3869a742fa729eb66d3c
40,123196,11503679,0,32018338318,0x2f5105ced98fd0dfaec6eed6125ab0d35f4e5c22,0xb1591a060b7be59d6f306a612d71a9438d288cd16441d03c5d859ccfc43f6a63a01e42e32f15cf6f210dab7465f83685
41,123366,11489379,0,32010165731,0x2f5105ced98fd0dfaec6eed6125ab0d35f4e5c22,0x8a5cb4844f5a28637824df37a9246863a87d547bfb7cbe790eddf0ef9f93f52e7090c1d5bb95e9228e168c899c983e2a
42,123253,11481189,0,32014428447,0x2f5105ced98fd0dfaec6eed6125ab0d35f4e5c22,0x846831df398b351d63e7286aba6bba50dfd623b6aced0f78ead5bbd39c6d2d9ed88b299ac42861f855a61b62ffc571ea
43,123565,11452218,0,32016546078,0x2f5105ced98fd0dfaec6eed6125ab0d35f4e5c22,0xb768eaf018ba03e79de74f1c0da0bc60000792acd28609ed981d1c8d3efee4c9d3c38ec6847e273708ccc90b41ca1324
44,123768,11435621,0,32015415425,0x2f5105ced98fd0dfaec6eed6125ab0d35f4e5c22,0xb1494a074d26d54afa68c0546df85b1386c32ab701f9ac3df54389d2d60c5294b704e7f2bd2652677de1173481eed46e
45,123299,11349414,0,32009831001,0x2f5105ced98fd0dfaec6eed6125ab0d35f4e5c22,0xa2d2bab75442fe77ac4dcf0c83151594f83b51627414b9ae445b0e0610915978453b65dd0381f33138549320402f5fb3
46,123576,11304998,0,32016232743,0x2f5105ced98fd0dfaec6eed6125ab0d35f4e5c22,0x877a24a071ff59b58519a2921041227228d4eac6312343f811e05eab2d442c29d54ed509db41b22708ea2ffd5899436c
47,105619,11155885,0,64226858171,0x2f5105ced98fd0dfaec6eed6125ab0d35f4e5c22,0x89c1f68dca7ae3647f738537061891fafc1d742a03a8ca26572e5176eb71316602c3a1d1fbd2d4f105e9329853f646ca
48,123560,11147558,0,32016316593,0x2f5105ced98fd0dfaec6eed6125ab0d35f4e5c22,0xb904f3bef723a63a2717994e5fe3655ff2730df9a659aa566957add0f09c32b9f9cd5b0d600e91815363505a4e04ede1
49,123980,11126691,36,32011126691,0x2f5105ced98fd0dfaec6eed6125ab0d35f4e5c22,0xa424b036c5ba732e6e7476e4a712b63ec7a5ac6df88024c8f636610003a580d6d61ef5298c8b0bc7400ef7586d1563c4
50,106476,11105568,0,64205263350,0x2f5105ced98fd0dfaec6eed6125ab0d35f4e5c22,0xada42f49aa34b33e8631e7b4b3ac93be2a39d10dca708daac4bf03d61ac04edf31bcaa5db99d75279de3c3a3cc0287eb
51,123413,10976119,0,32016701812,0x2f5105ced98fd0dfaec6eed6125ab0d35f4e5c22,0xb4bbaf801ff18a5ea51c19c475625f550756e95277c3001b9e036c1cdf684e3d887b15d6fdf956595e76bf14fc9d32e9
52,123974,10954910,35,32010954910,0x2f5105ced98fd0dfaec6eed6125ab0d35f4e5c22,0x8775049ca80912ec1f1a8527fa0a0993a5022b9f22c5f2ec33b854fa38837524aef2c105e11e36d8479bf9c70a7d4d70
53,123977,10847430,36,32010847430,0x2f5105ced98fd0dfaec6eed6125ab0d35f4e5c22,0x8fe5941d3c3b704c50d10cb8c4962ba980bb833c8bcaf4468ae37499fbb95bc6b150b8a9c049592223fc154d586d73b3
54,123365,8549924,0,32014642550,0x2f5105ced98fd0dfaec6eed6125ab0d35f4e5c22,0x96bc58e02c90e2e42250677e5b459d39f3c9aaa149745a3b2e74eeaa57e56b5ded409f7ff897521b4801b8e98777147c
55,123919,8543096,0,32010250979,0x2f5105ced98fd0dfaec6eed6125ab0d35f4e5c22,0xa18aae8feb836b02d838cc215bb8080ca5e6cf741d2068938d65327cd318e8f43b980a465677435b84fd943f1ed2f0b1
56,123781,8540447,0,32012458314,0x2f5105ced98fd0dfaec6eed6125ab0d35f4e5c22,0x92c6dc4aa95a471f104aed3310eb6b01409c9cb13136efd3c5be222b8e44a0c4e564810670926fcb52c8f886def38466
57,123065,8539478,0,32016425177,0x2f5105ced98fd0dfaec6eed6125ab0d35f4e5c22,0xad5a2e3f989de9137107fd3eca591b5cc1384342264956bea9c68558fcc50e11971cf35a6bea70216edd3692d5868950
58,123620,8538108,0,32013348845,0x2f5105ced98fd0dfaec6eed6125ab0d35f4e5c22,0x81b5223fe1334e3920f9a5894ec0308e9bc4e7e351278dc142e2799d1a8fe83416a1f1c232404ac83687b63801ff7e20
59,123041,8536661,0,32016622361,0x2f5105ced98fd0dfaec6eed6125ab0d35f4e5c22,0x8878c5e396bf56c3949b7a6f43751910453df01244244747e9b2127f831da895bacaa312a8571ae52341910dc8d6b4de
60,123908,8536462,0,32010287982,0x2f5105ced98fd0dfaec6eed6125ab0d35f4e5c22,0x85c720ec40abb7e861abddf343589ef97b6a366e9996437f7d3e13248b1f3838bd971b9757bc1fa7089a4a82a63164c9
61,123571,8533563,0,32013706636,0x2f5105ced98fd0dfaec6eed6125ab0d35f4e5c22,0xb80e02df1023aec03d0cdf64b2de6c79f840df90cf67bf8cef9317c0e9f4b0cfab22ba2a4920de28116f1b4f5e8f20f6
62,123293,8531599,0,32015024375,0x2f5105ced98fd0dfaec6eed6125ab0d35f4e5c22,0xb678c40511d03b56b33baf882676cd924aa1480c17e88fd02a9ffd7cc00930ee0fb7ed6bba519327d250c6667ed80f7a
63,123226,8531233,0,32015366336,0x2f5105ced98fd0dfaec6eed6125ab0d35f4e5c22,0x8c1dc03b78f3bca3a7d255c35af038087b19d38b11348780ff4c35bf2d56e428a4862c090a51cdf719163f53121b7ee5
64,123501,8530041,0,32014060638,0x2f5105ced98fd0dfaec6eed6125ab0d35f4e5c22,0x952883b5425f2cf1de6f1e2818df4ab40b90458de8c0cd4decc9e6441446a1f324ed6d09cd9ee8ab4d638ed043b088f7
65,123854,8527306,0,32010628399,0x2f5105ced98fd0dfaec6eed6125ab0d35f4e5c22,0x9944a3864dd74b303b1c560b84c441728d7c754353be86d1d1e7d492b3e6dc8db5a160b7d9038bd9c148951699319d60
66,123382,8526413,0,32014716793,0x2f5105ced98fd0dfaec6eed6125ab0d35f4e5c22,0x895ea691857af7849b982b4f03e8f947bf1dbeb8a17facfb65a15730dc96dda485e49da7f0a417bab24de8bdf89ae03c
67,123311,8525676,0,32014904771,0x2f5105ced98fd0dfaec6eed6125ab0d35f4e5c22,0x862fda3d6b648ef48520b2637cad73df38cca034e221626ad4e3b877b999cc99ad70f3725f38164c2dad58513dc35d7b
68,123910,8525381,0,32010252087,0x2f5105ced98fd0dfaec6eed6125ab0d35f4e5c22,0x844391c70438b33540303570f7de9b33e7a20bdf6080b30b6798ee9af4d23a981a1ce71c76aa378a71ed37478943cff2
69,123496,8525154,0,32014119453,0x2f5105ced98fd0dfaec6eed6125ab0d35f4e5c22,0xb4c6bbbcd57397ca9a0eacddccfe507ec9967cfcbf491c95ff9e1cd1c80d23a38bb8648a30f402de00051bba848548d4
70,121656,8524459,0,32035702585,0x2f5105ced98fd0dfaec6eed6125ab0d35f4e5c22,0xa23a279fa5d4972edd6f0e0bd2432ba19b02d9690685e667934759ead4edf395a31ad2e8de8ee60769e496595c95be01
71,123771,8524001,0,32012458072,0x2f5105ced98fd0dfaec6eed6125ab0d35f4e5c22,0xb9c04897d6a4dc58c3c2dbfe7c0ce07ac1c4e77db80655cc5606de5d8354f09c622e8ed5abf21316db2913801a52b2d2
72,123665,8521746,0,32013095132,0x2f5105ced98fd0dfaec6eed6125ab0d35f4e5c22,0xa7e8a6b4967d804e0cb1fb114d15d074662246a67265929430c8930be51c17b1af5164025383cf4e0ccedb16841892e2
73,123763,8515168,0,32015753088,0x2f5105ced98fd0dfaec6eed6125ab0d35f4e5c22,0x97710bad2e12736bd0ae0a713a99af97f9ec8bc2ed8f9ac6eba3d9e4a8c1e9650ad372e8b10637cab03c93cb9023159c
74,123048,8513146,0,32012515606,0x2f5105ced98fd0dfaec6eed6125ab0d35f4e5c22,0x970776bea1607010d6d0859f414afab32becf1fce8957ce26f1b2b6ab8e3bbbda59f54133e22f40396e68a15071bcb9b
75,123761,8505420,0,32012572881,0x2f5105ced98fd0dfaec6eed6125ab0d35f4e5c22,0xb27c266b55109e202b7712b0c46a6bdb22b9d46ef2bb1de0db5f319ed6e65b7618dd3e3fa8a63dd559974a32d9dcc304
76,123666,8504826,0,32013104662,0x2f5105ced98fd0dfaec6eed6125ab0d35f4e5c22,0xa31bf342acf8c0af16a01b4898e4379fc3501668be54f884ec708173c9fe651aed57389ad188046cbd386a74a071fb5d
77,123541,8504627,0,32006747892,0x2f5105ced98fd0dfaec6eed6125ab0d35f4e5c22,0x86c140ffba0681da09da4bbe84611bfdc548ca7d71edec60a319b8f61cf7ba95ad8d51af5e81c3fb1921c7385c4f7670
78,123216,8503772,0,32015429724,0x2f5105ced98fd0dfaec6eed6125ab0d35f4e5c22,0xb1117d026cac72f75f82f949c4f11896f9b7b622438d50eb0c3a5ebe604f02efd9b5eca06e4e9d2c5419a5d7f542a342
79,123707,8501795,0,32012904729,0x2f5105ced98fd0dfaec6eed6125ab0d35f4e5c22,0x906ba0695e7a2243e0d3d801105cdfab0da16c548370f1470cfd6a88a6d807d8a1059cfd3b9aad023bfda2f91135f0d1
80,123091,8500642,0,32016087827,0x2f5105ced98fd0dfaec6eed6125ab0d35f4e5c22,0xa00f2584da869128180e6e9da034a18a16e3c6ae9053ddd6bc8c405fb40d937d0c0899740ef8ad76281454bc1a9b4082
81,123430,8499718,0,32014353567,0x2f5105ced98fd0dfaec6eed6125ab0d35f4e5c22,0xb51cdb8260a57037c42547baca0e07fa52186de90b6a329b4c778104e9d03db528e45b24c6f19128f35faaaaf4f37f8a
82,123063,8498447,0,32016308749,0x2f5105ced98fd0dfaec6eed6125ab0d35f4e5c22,0xb56c9de9141dc4efba4925e5b84a47e0aa91953d6a9c9ac2f613cc682a732852b224e83874ee2ed73deca5e0cfdc6604
83,123891,8498304,0,32010332381,0x2f5105ced98fd0dfaec6eed6125ab0d35f4e5c22,0xb38c5dad3d7d8d1fdf62aee88f2e1cec8fff61747f0fde5c183dc2797bd4b69ebbf18f16f4a5ed81d9e70a7090972d47
84,123362,8498032,0,32014781774,0x2f5105ced98fd0dfaec6eed6125ab0d35f4e5c22,0xb129956960603248e74e9ee43906032e9d04551f99e710205a6bdcb4d517f2065035daef6d937600262523d61333004c
85,123811,8496270,0,32010966660,0x2f5105ced98fd0dfaec6eed6125ab0d35f4e5c22,0xb732166ec422f3538e37680260389904ff8d731629afce5102fa36d57277553251594b9b6fe5d9d6a914a84b5bb70f0d
86,123312,8493775,0,32014964599,0x2f5105ced98fd0dfaec6eed6125ab0d35f4e5c22,0xabade43ea3f9323844e781d962f417a59cbd2cc19670c7fc31218fcee25a69fa5c34fc5ad18c6a632b9ad5210813a514
87,123314,8493063,0,32014867978,0x2f5105ced98fd0dfaec6eed6125ab0d35f4e5c22,0x8a790f7f4b184b22305ce32ff241aee43e90014de6e361f7810d5ca5199e6970f78e7207e3288485306e6c191e93eed7
88,123614,8492606,0,32013421663,0x2f5105ced98fd0dfaec6eed6125ab0d35f4e5c22,0x8c5b5e7e456c54d2564f86f07c163ef35b861ff45fdf2bd7d028388f6bc39385f2f1f1c028f50b4faf94324a09f03e91
89,121431,8491739,0,64022693762,0x2f5105ced98fd0dfaec6eed6125ab0d35f4e5c22,0xa258049f29c54a7f7e573a2d9595dd69d7c30c9f2e4778a5d79f46aefd0c8fc9da2884ba5d68d163f24f4a0d944f73e0
90,123335,8490847,0,32014709816,0x2f5105ced98fd0dfaec6eed6125ab0d35f4e5c22,0x940b6d5684e5a94df64f59e0be44324f1a697093c03f3ba541c76acad7202f877354cc67e32cc9ff3749946fddc0896a
91,121582,8488241,0,32005607604,0x2f5105ced98fd0dfaec6eed6125ab0d35f4e5c22,0x86ce2c506b3580c6f76789f60b0cc3c63127363817e7fbc3d453c24a9b6f589ef2337778e880f3e001520dc204ed3573
92,123509,8487762,0,32013969489,0x2f5105ced98fd0dfaec6eed6125ab0d35f4e5c22,0x82da82ef9f5c61e75b6dc48ddce60f5d26015aca0fb2f0476990a62164fbee5fa9d04fad8998c92dd20cd5bc39083132
93,123105,8487001,0,32016107240,0x2f5105ced98fd0dfaec6eed6125ab0d35f4e5c22,0xa190dc87743d6aa333b673e567f18caa431355529bc161e6926c5656e757e0fa3aadc83835783429635c3ba8eb23de18
94,123220,8486005,0,32015327831,0x2f5105ced98fd0dfaec6eed6125ab0d35f4e5c22,0xb8e98e98fe0be7c54dae1f48b434c4ca02cf4fa75549d18ebdd8198290cd74385196530f89ac4399b4567a1069770e79
95,123927,8485005,0,32010144803,0x2f5105ced98fd0dfaec6eed6125ab0d35f4e5c22,0xae1bf8da53fcc7e4fd20203f4fbe458b39f415c2b2fe912d350e4b638751a0d93bdfeda7e21d4ea5fda3891b5f74541e
96,123532,8484002,0,32013849508,0x2f5105ced98fd0dfaec6eed6125ab0d35f4e5c22,0xae64c7e4a7ff1409f8032ccc41ebfc4051c7033702cea21635c652c89c111eed6238a5c8d60b6ec7a135caa868f66608
97,123373,8483041,0,32014664310,0x2f5105ced98fd0dfaec6eed6125ab0d35f4e5c22,0x857aaa4a950f23ad75ee7f3347ab72344d27b6242ebf5116b7dae5931a72ba5c02c2f80ccf5638e548d8e0d4f49c0e04
98,123708,8481722,0,32012878820,0x2f5105ced98fd0dfaec6eed6125ab0d35f4e5c22,0x91c510398e2e0f36ed068aa07c2b0fb20c82a0848766401aa660a1370abef70e7c113b152fb0c112896203092bdf83e4
99,123601,8480702,0,32005204646,0x2f5105ced98fd0dfaec6eed6125ab0d35f4e5c22,0xa9facd8102a1ce0acdb340f44569522a8df94d590b937951f9d1693dbd7672eb25b716db64b71df983049a29f7a330a4
100,123254,8480631,0,32015069035,0x2f5105ced98fd0dfaec6eed6125ab0d35f4e5c22,0xb8ff5c6a5618acf1de0ab35c48ad715c79df1ceb8ad7dc48b754419950120e3152fee7f6414a21233a67953d4d0d55bc
101,123901,8479995,0,32010300641,0x2f5105ced98fd0dfaec6eed6125ab0d35f4e5c22,0xa7870d91b4aeef441dc0ba4488e3e137a8b97611717f9633533f8a58eddfd25cb1c4d751a6b793f78e8e9c2a3631d8ca
102,123760,8479702,0,32012503343,0x2f5105ced98fd0dfaec6eed6125ab0d35f4e5c22,0xb8e0d288e63ee6e557b26bb62d8f2de48866bf59c4039214cc250ca0a1e694130a972a0367abc743ca059320fcf8f0bd
103,123062,8478198,0,32019475425,0x2f5105ced98fd0dfaec6eed6125ab0d35f4e5c22,0x8a3ab6d81fab3005de86dffd755bda144177f9772f2469598dd8812380c1da3bb54a5e9c6012480a01ec15bffabcd76c
104,123069,8477709,0,32019416955,0x2f5105ced98fd0dfaec6eed6125ab0d35f4e5c22,0x8d04e490a7959759987b7e915150c873483799e43aa6ae7e137bcd27bd630e2cec9761c56eef555911f97c144c7a3bd9
105,123728,8477621,0,32015935886,0x2f5105ced98fd0dfaec6eed6125ab0d35f4e5c22,0x8fafe995c32d572ce5d33522578dce6e74e34ae2b5b6050cd9e00d93951c7aa29e9b0782903b06d45edf00bd0489b18f
106,123110,8477498,0,32016043956,0x2f5105ced98fd0dfaec6eed6125ab0d35f4e5c22,0x80fdc5fb16514294ef7fbb0b0378098da8c67230d105be76ace1385260d3d8516194eba44f6d76f60ebe1641b2efb318
107,123374,8475960,0,32014785505,0x2f5105ced98fd0dfaec6eed6125ab0d35f4e5c22,0xa8cd5e6ea8aaa7a1258fac6c28d0f64142f0c1e9134e7897751b1fce8437dc9a2532e624f2264ad0ea1f10cd008951f9
108,123711,8474959,0,32012810353,0x2f5105ced98fd0dfaec6eed6125ab0d35f4e5c22,0x931e44d86cfd67605850e3cec5b1cef9bbefe62cba6b8597fe2492ebf691415d5dc2291d3f959d3a60a2cb1a5a13e901
109,123932,8474881,0,32010051809,0x2f5105ced98fd0dfaec6eed6125ab0d35f4e5c22,0xa59ce692c1f33b86b62d2076faa8c023715f2704a57233d5c77f7197dd6bae94a24348801e506523343733275951cda2
110,123632,8473497,0,32013194713,0x2f5105ced98fd0dfaec6eed6125ab0d35f4e5c22,0x81feb0c1c38d75ec519374a6059d3278383b32d40f3052995e23da74939590e5a5c8a54cc9cee3cd00f342c61ea61853
111,123586,8473368,0,32017149938,0x2f5105ced98fd0dfaec6eed6125ab0d35f4e5c22,0x8116def6bfd136a1b9347e46be966373744a85c036a949cb68aa2c3d2306c6ca6b96dd03dd4cded85e9629351a440327
112,123075,8473036,0,32021043048,0x2f5105ced98fd0dfaec6eed6125ab0d35f4e5c22,0x826cbdad3d797673a1b7a14029e1d42eff15dcc3a39bffe2b647466a5b34c768d79c1f868b4d3d9971c8d59819a6916e
113,123818,8472322,0,32010828037,0x2f5105ced98fd0dfaec6eed6125ab0d35f4e5c22,0x8d79f76eb0fe98865d73d642db3db7f630ef1d0dabe13ed6e74b25b7a7aea81c23d2969c4ad4732e5793d4aca87b81e2
114,123489,8472285,0,32014012729,0x2f5105ced98fd0dfaec6eed6125ab0d35f4e5c22,0xadeca417ecf59d72e3269829e85f2fd480c909414db5a6531107569dec0ac9107a94283236393542c8b61e5b593f6b2b
115,123071,8472034,0,32016385262,0x2f5105ced98fd0dfaec6eed6125ab0d35f4e5c22,0x8e0489e25190aba076e41e41252366691473f5531f1c01c717f2ce5f5bcadf0ddebd39067a451387a082ff5afe28aa64
116,123525,8471727,0,32013867394,0x2f5105ced98fd0dfaec6eed6125ab0d35f4e5c22,0xb29b9d9f387692edb2629ebde53d182d7fd53eeedccc95cc2fac0acba3380c6e6d159fd42f7818e06b587b09ba82902a
117,123815,8470006,0,32010852831,0x2f5105ced98fd0dfaec6eed6125ab0d35f4e5c22,0x917fe864fac31d26790175bba424f07adb96af1a6ac78864e5ad4c43dbbc0779995a7d4c0e9dabbd6f151036dcb11d05
118,123478,8469275,0,32014113334,0x2f5105ced98fd0dfaec6eed6125ab0d35f4e5c22,0x8e6e518ed80e501df142cc57e018d60c3b2006a68f3b27769241faa1499da56e387622d752990092fcb796ffbf183a9d
119,123049,8469072,0,32016354396,0x2f5105ced98fd0dfaec6eed6125ab0d35f4e5c22,0xa70696ae6d4fc7db69fbb6e0ec517b00c315c39fe10f3200398daa5c1c18507e405cb3d7fcea96d33529dc99be1c3e5d
120,123959,8469013,0,32009879035,0x2f5105ced98fd0dfaec6eed6125ab0d35f4e5c22,0xb549927dccfa239bd5e2a6144af3a2858c41db7650047f93071ef2ff48e85936e18db4afb823a21c6abecbd308ef2f18
121,123506,8466914,0,32013887035,0x2f5105ced98fd0dfaec6eed6125ab0d35f4e5c22,0xaca15b7ff76667592c1a12052adc9ddc631a19fddc09338096f297d60229ac6e4b809ef7e27fab7707255c444cbb671c
122,123831,8466114,0,32010761287,0x2f5105ced98fd0dfaec6eed6125ab0d35f4e5c22,0xb13c230b3af90f03b4a621d9e2e2201d7e227f13eb9a671148eebd39f7c5482e6ba63793442f4f216c4bebb44867c3f2
123,123741,8465741,0,32012685831,0x2f5105ced98fd0dfaec6eed6125ab0d35f4e5c22,0x826881709a41188f56f095d6383b1144073b918964c026cf3f8ccb57a7fe18e48a01ef8233920e0641f1cd145989bf43
124,123650,8465514,0,32010601123,0x2f5105ced98fd0dfaec6eed6125ab0d35f4e5c22,0x85a0b0e90f8ec64ea6055d60012a8f1afa43e3d32442873aed6d4e297eb819143c9e9bb357ecaf0415d2497c417e2375
125,123248,8464684,0,32015227078,0x2f5105ced98fd0dfaec6eed6125ab0d35f4e5c22,0x8e4dd0cb0c74644c3f64a806427a9bd84359b11f44deb38b8eb814f538e34bffca7cf92c13f074a6a4acc731bf1072eb
126,123747,8464666,0,32018562475,0x2f5105ced98fd0dfaec6eed6125ab0d35f4e5c22,0xae6e878bf6851eb2215e6b5edbf023ff50e203d7fb47b66f322cfe887e189a5dddb1d56a6502a3191be81928d7ce4249
127,123530,8463326,0,32013950370,0x2f5105ced98fd0dfaec6eed6125ab0d35f4e5c22,0xb322fe791ff44d0c9e5beb55e1eef2bf030acd5c6e2e593f9ca75020938bbc7587a72605676503c27bdce067c491d01c
128,123721,8463242,0,32012809166,0x2f5105ced98fd0dfaec6eed6125ab0d35f4e5c22,0x94e69d66aee0dbf8b6c8ce13e4e143c77bd66e5aa215fff79da02ac3f227b1a1a3fb7aacd1199b3ce9c4175bc0d4b12a
129,123239,8462452,0,32015278073,0x2f5105ced98fd0dfaec6eed6125ab0d35f4e5c22,0xa5372b9e4fb19dd3e4ee75ab54baacb931a184431d0b9aedd7dcc2ebcef853783d79705206146ef6d60c4359a8f89000
130,121563,8461638,0,32054594101,0x2f5105ced98fd0dfaec6eed6125ab0d35f4e5c22,0xa9d1c148fcbaf75c5e1f52ea95dafa2d26da9fae57663d88cfd1d0c06b4044e77fa12a766eac234b19b50a1197d916f9
131,123046,8461548,0,32016405613,0x2f5105ced98fd0dfaec6eed6125ab0d35f4e5c22,0x88814a745345dfe47e883c959d9320ee5656ecb5230b6d2be96045d243e3244d3a3806b38b71b10b58b9fae24eae8e4d
132,123316,8460900,0,32014840641,0x2f5105ced98fd0dfaec6eed6125ab0d35f4e5c22,0x89bc288480d73ae8017e336eff7f7c211ecbfbcf4dcd2370981a121e3bac594620cf9628b8ad6b535f344f59c8cde813
133,123609,8459454,0,32013410597,0x2f5105ced98fd0dfaec6eed6125ab0d35f4e5c22,0xb7eb6ae25ab890366f239c1a66d0468ad16ca2cbe38ad3c29b1e9623a1298f83378971258871037d93ebb312fd009e88
134,123545,8457621,0,32013772397,0x2f5105ced98fd0dfaec6eed6125ab0d35f4e5c22,0x83e1fd413adb37c1a1cba3a266a003ab3d8ac254a77255d25fbdffcb89d6f01b2f79c7692b49bfd92486d41cfabd2c3b
135,124092,8457608,227,32008457608,0x2f5105ced98fd0dfaec6eed6125ab0d35f4e5c22,0xa328bcd91811ed6af10b0e5cbbec4a400dfac487b2d31acf024e981ed58d43c5ec80b69abb3a3e99c79d18ca39629717
136,123076,8457588,0,32018538900,0x2f5105ced98fd0dfaec6eed6125ab0d35f4e5c22,0x8b12ecfc810b5d0adf131f3e361d3b9e7bb73dcb7a1e18cefab7bf123b3ff3a9f12668f371ab1abbaeea36413dc291c2
137,123344,8457361,0,32014679619,0x2f5105ced98fd0dfaec6eed6125ab0d35f4e5c22,0xac6a6450dce343155bdd365055c3264147d516f8c86bbba95163a6d75b3bfa447047fddfc095e67e4ef484c804705b07
138,123308,8456851,0,32018262915,0x2f5105ced98fd0dfaec6eed6125ab0d35f4e5c22,0x980aa96971d487843ff9d171e813a9d13c913cfe8c1c266ae1be103e98d92d59578434402ff8dbb3b706078eeea4552d
139,123883,8455793,0,32010388543,0x2f5105ced98fd0dfaec6eed6125ab0d35f4e5c22,0xaf0a264e42af174061245b42a30f4febb2ea6a719c39de685c2da8655d64885c274f9a2e60c6ac5e353549ee352efa19
140,123636,8454632,0,32013248901,0x2f5105ced98fd0dfaec6eed6125ab0d35f4e5c22,0x900edad326a67e3e9830f2e6e3eab20b4cd2d14e4fa8abc4635f2243483b1a171236430ccceaa3007b97944ce47a8d1d
141,123597,8453679,0,32013415152,0x2f5105ced98fd0dfaec6eed6125ab0d35f4e5c22,0xaf3f2388f2bc9b096e8b204abef6d5d07de5198b57263f0334cc8aee6d3d3e2a62a5de57322545f13b6c37d2ff4dd2e1
142,123637,8452910,0,32013187868,0x2f5105ced98fd0dfaec6eed6125ab0d35f4e5c22,0xb5e3068806011d642a7680f60956bceaa97797f1d48a17c45d14164eef7377ec45e7d1730f33a50f0b70abe242fd4c44
143,123554,8452786,0,32013637783,0x2f5105ced98fd0dfaec6eed6125ab0d35f4e5c22,0xaebd53d85d73f2d726e50d77c7e09937436099021a5b97e5912c51f215e24e81c1fe7eedb547bde42893c70e64ae9ed8
144,123634,8452688,0,32013232648,0x2f5105ced98fd0dfaec6eed6125ab0d35f4e5c22,0xa38d0d4c1e47876e3c8747d459e5c20219963270a4468de2c403763d66c325f519ab5d8218b17b5b78dabd46bc68d066
145,123900,8452400,0,32010213796,0x2f5105ced98fd0dfaec6eed6125ab0d35f4e5c22,0xab09abfbd3d7ef40ceb29b118d7d3e94a332cd4d3b26139a0688244ad66061363c039ba29a88748683972cacbc518e61
146,123483,8450472,0,32014020714,0x2f5105ced98fd0dfaec6eed6125ab0d35f4e5c22,0x95bbf4e662ad7d1b6b6422edb4cc1f1eabd7a49dc7061134aa246474a33ff63f53c10718773b03038a4aed48c41c9bd5
147,123250,8449963,0,32017764163,0x2f5105ced98fd0dfaec6eed6125ab0d35f4e5c22,0x8f4160bfeadf5fc2fba6ab0822e54f7fd58c66927d5ea57eb11a493f4d3994a4ab5be3eeeda62c7253e79ad1e56f2675
148,123740,8449704,0,32012602901,0x2f5105ced98fd0dfaec6eed6125ab0d35f4e5c22,0xad48790ee949dca10bbdced3d70e9871178f33dcdb3a210899f36b8068419dcbb7dec60c7631a05f884ec7af8dffce33
149,123739,8449511,0,32012607268,0x2f5105ced98fd0dfaec6eed6125ab0d35f4e5c22,0xa70a1a55e342c3c3139d57a8878823de9a1c0abfe00e0ecd3ea5e3aca7cb0a85fb218a98ecc521d70bacc378374a5d48
150,123359,8447221,0,32014670418,0x2f5105ced98fd0dfaec6eed6125ab0d35f4e5c22,0xb9fde00c24a469e4b585623561a43bfa00a8a884b5ad448ae8e52cb0cbfcb05697341f6ce7fe70e78663528bfb48500e
151,123805,8447095,0,32010955606,0x2f5105ced98fd0dfaec6eed6125ab0d35f4e5c22,0x873e723c1e6cfcaea618a662b36626dc45ea5930ce5b7e54fc386995cf6a421c692ec37ea3d7f53f00eaa5954fd1b96a
152,123797,8446466,0,32010890330,0x2f5105ced98fd0dfaec6eed6125ab0d35f4e5c22,0xaa4b5918d514e116bd6a98eaf16f069d410235a23f64b379c51822b56a0e00acff926f9addde9c56c579c73897d679f6
153,123581,8446330,0,32013581001,0x2f5105ced98fd0dfaec6eed6125ab0d35f4e5c22,0xac26db020434b5fe05d38096963b21843b15d267d4ac32dbe2f1b73dd55f76576aa99acd44f1f3b5d7a0c8fb23767a3e
154,123540,8446058,0,32007114583,0x2f5105ced98fd0dfaec6eed6125ab0d35f4e5c22,0xb4d8486c37df7643d114694e28fc82f558ecfe872a47c5bc1b0f7f3ed536820be453eff82c6d9f9bd5eaaa3a4afcfed4
155,123556,8444936,0,32006222286,0x2f5105ced98fd0dfaec6eed6125ab0d35f4e5c22,0x98e957e9db7c2e4be1dc72db255b81361bb8576bbad30f6d99230e015d591d83500ff6c24d960d81f52ee657cb373faf
156,123549,8444856,0,32013569509,0x2f5105ced98fd0dfaec6eed6125ab0d35f4e5c22,0x90926a103341c78295ee9db4010a510ffead51e2f4a58aa361578402a943826d36ef255cea4b9b1a06040fc611d43e10
157,123526,8444298,0,32013800737,0x2f5105ced98fd0dfaec6eed6125ab0d35f4e5c22,0xaeb989f2e04e1ad4b5d93f154cf33cbe418ed8c8eb104adaacde81109dc4047f1e7ee7d32b8804a17d7fecd9ad1740d9
158,123443,8443802,0,32014256732,0x2f5105ced98fd0dfaec6eed6125ab0d35f4e5c22,0x8bd12f80f7e79e66c17232eb9af943e307cc81692e6e116669d27e2135e54d27b9c0763cf314f1f59426a60b632150c2
159,123922,8443053,0,32010129728,0x2f5105ced98fd0dfaec6eed6125ab0d35f4e5c22,0x8c753ab4cce5717d8e9507ce45b6b2ffc17f1f88a69a12c58e1cefb0a932ea79329f7619d250db602035bc3430b9e578
160,123878,8442974,0,32010400194,0x2f5105ced98fd0dfaec6eed6125ab0d35f4e5c22,0x925311346648308415a0b6964b371afef8e8f61dec7dd44fa247cdea596df12b48e1a4b66a5f552f5cbd1038df83e356
161,123964,8442133,0,32009766553,0x2f5105ced98fd0dfaec6eed6125ab0d35f4e5c22,0xb0b4200e7c86f81295cf3287bab2574c3de02424f83b440e50aa8cb77fc877f869c8ff10c43a2ef4edf3480c04211ba3
162,123079,8442077,0,32016262879,0x2f5105ced98fd0dfaec6eed6125ab0d35f4e5c22,0xad08aa00caa3a354bd8d69f9661557f1113cb858074c3588f68f5aca7108c01afbdb9cd1b1d7762ec12fd38976db1088
163,123659,8440480,0,32013077952,0x2f5105ced98fd0dfaec6eed6125ab0d35f4e5c22,0xb2576fa093027b1d4372b250e7ad09f5972bedae9976ec7927306fd372c927f9fb88f3b8cefed309b3fc0773ba278c42
164,123562,8440233,0,32013616994,0x2f5105ced98fd0dfaec6eed6125ab0d35f4e5c22,0xa4a55ba3a9106fd6a317aa0f886523606f46f1808d1be346b68a20878844b681cf3f21808aed5aae762f8040eec05ddd
165,123555,8439948,0,32013603047,0x2f5105ced98fd0dfaec6eed6125ab0d35f4e5c22,0x97d00e42cfb4e95c23218f5ea18360f3670719dba0bdf180acdca0714b7ddf5c1d0ffca8c776ff48a7a5526330139d99
166,123618,8439903,0,32013343898,0x2f5105ced98fd0dfaec6eed6125ab0d35f4e5c22,0x98565979efdd4dc4cc02b567e1874aeee7b2589e35bec89d33b9ddd1bef9676f98e2c131125c442616468bcf1fe95077
167,123301,8438524,0,32017625661,0x2f5105ced98fd0dfaec6eed6125ab0d35f4e5c22,0xb07ebeade19a7db56f7c6db5e15bd2583475fd962545d6ff7c85d4b2981f41006845a32bf9694b135a515b52bbec093c
168,123860,8438392,0,32010452934,0x2f5105ced98fd0dfaec6eed6125ab0d35f4e5c22,0x8635a5c84f967ea04420e81f5b47c6139f14e449f5c97e9c7227ac428db82d9216be7e245bbd52309ddedec074d2fede
169,123485,8438342,0,32013996450,0x2f5105ced98fd0dfaec6eed6125ab0d35f4e5c22,0xae8b82be58b47ddad2a9ce31b22fb117b73a0775ed736ca50d33b4daa05a4738ba5fbfaf9604d2c5ac16925608a74f9b
170,123357,8437895,0,32014692709,0x2f5105ced98fd0dfaec6eed6125ab0d35f4e5c22,0x97cac9c4b259b12888e5b8f569d9c9e6f65cd133bcbf82157fd4ade8d0a4491a7ce2fb57d6d0440d77f2c76777eb4211
171,123441,8437892,0,32007719452,0x2f5105ced98fd0dfaec6eed6125ab0d35f4e5c22,0xa6c2f50d270e37910e3fafe1c8f55e15569f9b7b26fec18bda2f35129c6c0db4e2ef7303da512be94b9ed4e05420ddb8
172,123480,8437620,0,32013857966,0x2f5105ced98fd0dfaec6eed6125ab0d35f4e5c22,0x8484059ddc85d0206ba6c8a26dbe6b82147f30d672cae7c52e5691aa86ac816e4576e0c9925e1f553a149c7a3f4c5b4b
173,123905,8436491,0,32010232662,0x2f5105ced98fd0dfaec6eed6125ab0d35f4e5c22,0x96f5da81c9cc4f2fe9f4574453b4659fff82d343779f731009f89d674edbae01e4db0cfc0266d63065a0f4e566b9654a
174,123631,8436178,0,32013321196,0x2f5105ced98fd0dfaec6eed6125ab0d35f4e5c22,0xb0386b3fb4a0be7ec7db4adee7cdea26c1434e1f316cca8e71bb5f999f23ba910aaad2c62d26eba796c2040284bc8b0c
175,123481,8434247,0,32013846708,0x2f5105ced98fd0dfaec6eed6125ab0d35f4e5c22,0x88d11e7695d9bf20ced6fe1b3e0704903a3c8d7eb52d83d758d51964073d907755d89b85c56f59cd544e84452c7c0414
176,123568,8433804,0,32013537774,0x2f5105ced98fd0dfaec6eed6125ab0d35f4e5c22,0x9821e07b2d1b195f20bd02336cdb6fc3812eea3bddd86e5b923bf3fdb36aeb38544bdb67ae49ee45a074e4c2327c412f
177,123514,8433759,0,32013980691,0x2f5105ced98fd0dfaec6eed6125ab0d35f4e5c22,0x897ac513e5bb7c2dc2bdc8b3503b0457bc8212f80b191629fdc5f262ca94eb58e79811e4214a3a6823917d7b75d0c732
178,123246,8433477,0,32015150406,0x2f5105ced98fd0dfaec6eed6125ab0d35f4e5c22,0x8fbe82e739a15469a1c49b05e433d7f3e1f884c3e7112de7e8f92618ae042f3756df06200316dc61aa8cd49d5920e959
179,123559,8433371,0,32013509315,0x2f5105ced98fd0dfaec6eed6125ab0d35f4e5c22,0x92103f9e2798249387ebfc03ad234a9ac7cf4aef257a5fe08a483c7e35fc49132b6b2a3762130659e4381be55ea790ab
180,123107,8431680,0,32015927735,0x2f5105ced98fd0dfaec6eed6125ab0d35f4e5c22,0xa7f42c4d03a56edee9989e55a5ce7c0ef2e2669c6dcd0a2779171751f39d9ee4bd13ab4998730c8b8e02072b7c9d273a
181,123543,8431638,0,32013654127,0x2f5105ced98fd0dfaec6eed6125ab0d35f4e5c22,0xae35795c316fdc5c9571ecbb46e7d0669dc6bd379dd3bcac635b90b5345f5aae9e7e5083bbdaf380e7a506681d1615a9
182,123611,8430359,0,32013340749,0x2f5105ced98fd0dfaec6eed6125ab0d35f4e5c22,0x98313dd0fa35df5a2bf869a928dfec291c8b27474786a4737a0b5c6818990eb2a5af19c7a5b681440de9576c742e8018
183,123720,8429822,0,32012687833,0x2f5105ced98fd0dfaec6eed6125ab0d35f4e5c22,0x82bc47446b98e1e1a6cde460e5b1188176ab81d99f63d37f8cb5c3309ad683ad1f71650ca2af9b06361bc741847f2cb5
184,123570,8428218,0,32013534456,0x2f5105ced98fd0dfaec6eed6125ab0d35f4e5c22,0xb79023985a5f714dd3a6e29fbca27d5ae38ba7fa0e8366055ae8b41247a63ba24972d2d18bef0bac8c3f21b62a191968
185,123315,8427719,0,32014893273,0x2f5105ced98fd0dfaec6eed6125ab0d35f4e5c22,0x8a4ebb3903a59882bd2aaa788d7d378e3f444eda7a2e3be3f2519676f131afe8e4ef334625ee089a3992661fbfa07930
186,123529,8427148,0,32013718246,0x2f5105ced98fd0dfaec6eed6125ab0d35f4e5c22,0xaf51095644849dd396971cb8634fd50975a620ec9fc9c608d5599b7d0d4e5ae3f270e1b5dea7adc520c148900c6a4f94
187,123328,8426918,0,32014702112,0x2f5105ced98fd0dfaec6eed6125ab0d35f4e5c22,0x8ba0992b0031f04faab2f076565fa34b1d996a9d6caa39fdd51dd004fe362940fee58e56ea70467f264f8eff92013baa
188,123519,8425185,0,32013759892,0x2f5105ced98fd0dfaec6eed6125ab0d35f4e5c22,0x85166c2c6b0769f938eef571457dbf453ad75a584e8426a03fc505e1d026db461296fb35eae4ae6468df8548156711b3
189,123700,8424670,0,32012809492,0x2f5105ced98fd0dfaec6eed6125ab0d35f4e5c22,0xb03b392a12e767dda2f351a55769d49ffe6490985502487d582e2bb523680c462fbb97584286aba753ae70ebc6301d7e
190,123633,8424415,0,32013146556,0x2f5105ced98fd0dfaec6eed6125ab0d35f4e5c22,0x8e5e6d8dccae8ee9586d5218a39cd2c320bc21db7944e0c6c244d578e1253ba6e2b75d07c0e8835086fbd1ed398b5b23
191,123231,8422571,0,32015008718,0x2f5105ced98fd0dfaec6eed6125ab0d35f4e5c22,0x806a9ac2b9935f74e4697a94c01a0c28540a6f0f775c0e48da8b5108121b506e94f3b2460193d41cd557e167274fef1e
192,123754,8422074,0,32012453634,0x2f5105ced98fd0dfaec6eed6125ab0d35f4e5c22,0xa03037e23280f8cf96e2b28c2a2b26c16c704c924783f66abf17c64c189765708b2c9d61935be142e72449310de52ad3
193,123219,8421883,0,32015352146,0x2f5105ced98fd0dfaec6eed6125ab0d35f4e5c22,0xb282be4fee995bcb3dcf27d2fc244e16ed3937637cf2cdbb71cebbbf2f57a1051d3d18146508d65ef6fd3ac2ca546343
194,123429,8420897,0,32014373073,0x2f5105ced98fd0dfaec6eed6125ab0d35f4e5c22,0x93b99a236022da93fa8cb4d3bf121965ef36023332fde7c5e5e359c517813703ca6dcfccbe17b72f3bc4518c39da04ba
195,123783,8419441,0,32012354343,0x2f5105ced98fd0dfaec6eed6125ab0d35f4e5c22,0xb348b7e2441af204a700895f1376db25cf65e08bdac86b185a75120411c37a4b16812f3ee4e4400b8f08d03eedba5be7
196,123452,8419437,0,32014195798,0x2f5105ced98fd0dfaec6eed6125ab0d35f4e5c22,0xa7498d96bc305801651b09eee817dba0fab8849d4b664ad77192f71098162e6ff024f8938889bdee0ab3f2cc9aa14217
197,123492,8419284,0,32008037072,0x2f5105ced98fd0dfaec6eed6125ab0d35f4e5c22,0x94c7e44598b7f059cf9d9105f5decc90ad6b1cf5944df3114a5a5bc19bea843949e2cab0da27f50e49a779028b4bf192
198,123706,8419272,0,32012679975,0x2f5105ced98fd0dfaec6eed6125ab0d35f4e5c22,0x98dbd77b378e250bf85651b13dde6b58568312ba3d6672560c2aaa77776be9bd68345dc5c71c34cca175ebf6538b56b2
199,123858,8418904,0,32010514545,0x2f5105ced98fd0dfaec6eed6125ab0d35f4e5c22,0x8423f9f392063308d831acbb7ec7266093b8f1bca4968ed1de2dd4641b770a18d0479a6560c49899f8e349ddb30dee27
200,123968,8418747,0,32009756021,0x2f5105ced98fd0dfaec6eed6125ab0d35f4e5c22,0xadb7b8953049968e17723809a8f63e5197811a3035bc4ff1492115c87818ce128949b3f5e44e681d284b10b42a4e9546
201,123594,8418585,0,32013389432,0x2f5105ced98fd0dfaec6eed6125ab0d35f4e5c22,0xb767bd62a1cfdee2a61872ef48b6ccc9e7da01c9cbb4518cc5f57cbefabe2e5e29b807c2674362169abbf14090082c7a
202,123709,8418400,0,32004459552,0x2f5105ced98fd0dfaec6eed6125ab0d35f4e5c22,0xafd0353097dbdfed942f340b09463376bfcdf18551d67ea39c0dc98be5338c312504f4d931f6406373799ccaaca14967
203,123502,8418173,0,32013926095,0x2f5105ced98fd0dfaec6eed6125ab0d35f4e5c22,0xb1bd44161b6a6d24f05905ecf18b21b4d12ca57c38d5f701338522af4acdf9260309815d51800f0431a95893358da085
204,123318,8417855,0,32014568935,0x2f5105ced98fd0dfaec6eed6125ab0d35f4e5c22,0x9044a0cfe70b9272bf8d9038128b6dabb5ac2ef3364e3a3c86160858fdcf57fe05e3f862275ab8314f128dac4a082ffb
205,123828,8417697,0,32010667296,0x2f5105ced98fd0dfaec6eed6125ab0d35f4e5c22,0xb76afae2d8c6471037c16d475544c1e03abcc88330ea8fcc78d8f8bd2dffb482ed85bcc481adc6b24247a47009819833
206,123482,8417401,0,32013943170,0x2f5105ced98fd0dfaec6eed6125ab0d35f4e5c22,0x8bf59327b4c93a281b8bc7e74e853632423fba49ba61c883b1cf6406ce009e1212bc0a0da8f749b2e8f60fb48c6bec0b
207,123227,8416983,0,32015283598,0x2f5105ced98fd0dfaec6eed6125ab0d35f4e5c22,0x9802951c9304825faa18643c150c46c177a051121211a8ef94b8a4e14c1c1f63f08a8b2af4d21cf4cd1746e36f2ac917
208,123093,8416711,0,32016117148,0x2f5105ced98fd0dfaec6eed6125ab0d35f4e5c22,0x88c49b56d60e4b0745962e95fe53f8664b72cae5eaf138b3b2fe51b80ccb1dfa9dc5bcb45a03aad1eeb5387b22ed4c72
209,123807,8416462,0,32010861099,0x2f5105ced98fd0dfaec6eed6125ab0d35f4e5c22,0x8c8738ee7d409f51a23091edfbb58cdaa10879131c4e187590f6bafb1728caea46089f10f31d2b3b3487f2c874d972d3
210,123476,8415442,0,32014038827,0x2f5105ced98fd0dfaec6eed6125ab0d35f4e5c22,0x8abcbf044a74cd54a3b909ee74b036b303f7ac26546cc4b23f3b4561e4d8cb821372f95e85c084a0e8db6e493b0e8fb7
211,123106,8415410,0,32016013775,0x2f5105ced98fd0dfaec6eed6125ab0d35f4e5c22,0xa3d37a8e7863d2d43b46b07118e906454697b6b216d63a44f49975690bb215086169831a67401a80e483a2847e0b9d4a
212,123677,8415053,0,32012959386,0x2f5105ced98fd0dfaec6eed6125ab0d35f4e5c22,0x8ec2a207eda980ae259378a55a0574baf1d0be7e4b06df65e949baafe23b6380e22efdb2eb00e0c02abee6433fd6ff84
213,123234,8414972,0,32015049801,0x2f5105ced98fd0dfaec6eed6125ab0d35f4e5c22,0x8d8f8c90885f328993dc7eb03ce2818d7f7ecfa3b23100f83558c4adbe0e92fa81c0e044c5711d93a0983f10d92a9678
214,123843,8414607,0,32010568616,0x2f5105ced98fd0dfaec6eed6125ab0d35f4e5c22,0x87e14daced617f2748b372f755936b2445e899a2852399217aa2c3c900d4e00eea7014a832323a37f288836bd5a5103b
215,123855,8414493,0,32010542429,0x2f5105ced98fd0dfaec6eed6125ab0d35f4e5c22,0xb6878f835f9bd57eff5c97222917e0dd3a42056a9ec16254b1d4c9526b72b70e6e25f3b8d126b044e68256aafc171e11
216,123599,8414200,0,32013451496,0x2f5105ced98fd0dfaec6eed6125ab0d35f4e5c22,0xab90c5e35ea304665b0994062f19e5378b253dae44ce438a71ea00792c4db9d8f9fcafdb1096b51d59c8399d318c52b0
217,123608,8413671,0,32013349462,0x2f5105ced98fd0dfaec6eed6125ab0d35f4e5c22,0x97e46465e57d1b48f355d9772303277f6024e3bdf21a489b155195605137bc9cdeef1cb2d32fdbb950e187a711fb59ea
218,123347,8413166,0,32014665439,0x2f5105ced98fd0dfaec6eed6125ab0d35f4e5c22,0x879b14635d8a3583de434e5131ec770b76a465a7e60d84861741826f2d986150a53cc9ee8de660323b554e44e151a7e2
219,123663,8412980,0,32012946453,0x2f5105ced98fd0dfaec6eed6125ab0d35f4e5c22,0xa7621f3671dfc947a431b80f913ee83b87f93069e570b05564e3932415bb1b424303b531476cff7f52dec4757654dccb
220,123751,8412739,0,32012519299,0x2f5105ced98fd0dfaec6eed6125ab0d35f4e5c22,0xa24f7f627d5c61e6798857f2f3b81b8177b8cd19e943164e7416bd00fd3e838ca2ddb4e84c2888c388f4fd9b285ccfca
221,123096,8411878,0,32015925167,0x2f5105ced98fd0dfaec6eed6125ab0d35f4e5c22,0xa8f854c376267465cada054239d935e5b58143cc89a721de30aec1fd5e5342856887404e3e5e9c50830842b2475823dd
222,123579,8411465,0,32013439585,0x2f5105ced98fd0dfaec6eed6125ab0d35f4e5c22,0x83b9175b98682d252fe8aa2cc604becbc4b70642f819c73a2347a3c8d10c0b3afd3764556441966961e1235318dece42
223,123616,8411341,0,32013248729,0x2f5105ced98fd0dfaec6eed6125ab0d35f4e5c22,0x8d9f1d71cf864a90ee8c4fa89e31fbbc2fbd12594be6e83bc4dca793608311f8fcf0646e4b43881b735bfb8eea7c47b8
224,123627,8410819,0,32016862120,0x2f5105ced98fd0dfaec6eed6125ab0d35f4e5c22,0x99e9e05aaa057cdefc850443c7d04a02c1e095551d005328085e5b6a5b7b86a8c543da6e4c3c9ff537955efb3f234195
225,123385,8410483,0,32014547335,0x2f5105ced98fd0dfaec6eed6125ab0d35f4e5c22,0xb146ba73e29661e15bb4c3545029a77cc236dbc9e4837b9dff731d340a27da5bb9ade6d79845aade73d7cf4b0724a5a5
226,123434,8410125,0,32014360524,0x2f5105ced98fd0dfaec6eed6125ab0d35f4e5c22,0xb9cbc6fc4a2c1e81ab3bc37ca2cedcb31951d21c2dd668c754a425161765fb34b64cc9467dde099df7cae3a80f5911cc
227,123391,8409356,0,32008202858,0x2f5105ced98fd0dfaec6eed6125ab0d35f4e5c22,0xaab589d6b8582c0d98901c46a88151278ebdcbb3c73e2f291c7f9ea98fe5d3f89c66b80b3c751fe47cc6762e06bf8efd
228,123325,8408991,0,32014845588,0x2f5105ced98fd0dfaec6eed6125ab0d35f4e5c22,0xa2e6ab368a0faa5ac0a29e5fb149f0b78b7375cdb5ba856c19b806c2ce85bf4745fe99ecd1c7722c2df0bde863a9b94c
229,123343,8408862,0,32014683614,0x2f5105ced98fd0dfaec6eed6125ab0d35f4e5c22,0xa2953a630330f67562ac86fbb7e26bc8fab695257876d61ef8bcabfae2eb1385e66d4546dece20bb492f2f32675b4016
230,123488,8408591,0,32014038319,0x2f5105ced98fd0dfaec6eed6125ab0d35f4e5c22,0x962ce4f0dff879b1f92afb25c3c15b099174131308d5037b467791378e07e7a471a3ffde46c273102e9caa03af5da66b
231,123378,8407841,0,32014598934,0x2f5105ced98fd0dfaec6eed6125ab0d35f4e5c22,0xac2a902071fe44563e6f565e4e5aa17eb2e882a7cbf8b19502573a370cadb4070aa78e7f47d3e63444a7cb6b16f8c6c1
232,123232,8407772,0,32015230314,0x2f5105ced98fd0dfaec6eed6125ab0d35f4e5c22,0xa02b9fc319db8093764a30a7bf94b4857682271f22f867e9d6827d4103c7d71646f9ec4961eee61e49b45e8b32d5277f
233,123784,8406181,0,32015455417,0x2f5105ced98fd0dfaec6eed6125ab0d35f4e5c22,0xaabc6c4e5bfb7c09f5e02e574051b6d7c776ca403d6c2a25b75536208226f4135e2ef7dde3b3b4d6f7171955f7dbc7da
234,123101,8404455,0,32015806063,0x2f5105ced98fd0dfaec6eed6125ab0d35f4e5c22,0xb5821ec6bdeddd363d65a332a0d62a6c8e7252e1c1e0858dba03e29831fb8c88d499d926b316c2e51f07a099037e1710
235,123827,8404198,0,32010728010,0x2f5105ced98fd0dfaec6eed6125ab0d35f4e5c22,0x905d21f09f66e8b3dad620724749000869d84074316f5cb53e0483545dec0f1c80f80a584bad715ffd33ced5d4443538
236,123921,8403296,0,32010036178,0x2f5105ced98fd0dfaec6eed6125ab0d35f4e5c22,0xa50c582109d7e0a83891ddc03cd0e1cee03a0516935116efda875690e263bcd79598e8b556c3dc87f87b4efd77e7aeb1
237,123223,8402357,0,32015242293,0x2f5105ced98fd0dfaec6eed6125ab0d35f4e5c22,0xac752833736a3c5d24049ac2f3a333b54eedfb43f3f95a2092b614cdd8dcef4b1bd3d05e5468fc2205a553ccac3621a7
238,123104,8400222,0,32016008582,0x2f5105ced98fd0dfaec6eed6125ab0d35f4e5c22,0xa26311e1d40e2f0365bdf033396a80cba858abd2ad0f5a4ae5b1f5568516a4ca095dc6c1644c7548a4b77fbd1074057b
239,123263,8399897,0,32012113355,0x2f5105ced98fd0dfaec6eed6125ab0d35f4e5c22,0xa005ed02ebcb09321a5fd5c5069e0679d0b4c40bdebc9382bda1178aaae02fd8a64ba909bbc290a9305aa9341ce0f45f
240,123058,8398800,0,32016267359,0x2f5105ced98fd0dfaec6eed6125ab0d35f4e5c22,0x90e4bd7d3dd79dc45997e7a85e9b7dac37396bb599a6f2b6af64c70596157ea4c0ed7bc477ce66531a38a22b605a510f
241,123907,8398515,0,32010107452,0x2f5105ced98fd0dfaec6eed6125ab0d35f4e5c22,0xaea443b3cc7fa2f6776e270263e895bba7cdf92c2120086c132e90c2847cce3b135af25b23301d3aedbcce85b565d84c
242,123643,8397640,0,32013180056,0x2f5105ced98fd0dfaec6eed6125ab0d35f4e5c22,0xaf6d1566e2238ccc7e07cc0b22ca8b3e833b7ec06a3678e090d076541fd5d51399c8a49feaa5a7ec615528d3eb3913e1
243,123592,8397506,0,32013431129,0x2f5105ced98fd0dfaec6eed6125ab0d35f4e5c22,0x85eb059a45ece8ea4b1091eb1fee090e0b7572c1e11ce31e36db0f50c66255097737b0f64e9636d81aa42ee92e26edbf
244,123550,8397224,0,32013491526,0x2f5105ced98fd0dfaec6eed6125ab0d35f4e5c22,0xb9b625f97ceb3fadb89c7f6c8a0505d02164290845a593132813002b73ec58f4a795addf01078c8c704677e339304f69
245,123479,8396931,0,32014086309,0x2f5105ced98fd0dfaec6eed6125ab0d35f4e5c22,0xac238dfb45967c0aa18b25c783777dacba68495f6d8a7edf21a794eb8d6991ed449899547013f6355e2fd1de5696eb26
246,123108,8396887,0,32015952039,0x2f5105ced98fd0dfaec6eed6125ab0d35f4e5c22,0xa3c8a71bafd1d061dfe1d8181ce196a961c61a99206c657c7d10ce09db5499e2bc696a639f87b8bbb890a899f03871eb
247,123139,8395720,0,32015875059,0x2f5105ced98fd0dfaec6eed6125ab0d35f4e5c22,0xa908e24bbb048a7183e02d9eed73c772f64b7dded5e0e108ab789c05ee54b2f97b06237bf38838088fff81e00c54b8cc
248,123743,8394868,0,32012571610,0x2f5105ced98fd0dfaec6eed6125ab0d35f4e5c22,0x8e74c790de1f85d5e6c439c0b8222468e6b1186e44d3cdb193b8f4c0db5eb7f09d574c258a8be104c6366011b61fb780
249,123495,8394706,0,32014024209,0x2f5105ced98fd0dfaec6eed6125ab0d35f4e5c22,0xb0446bd53ed628a7d40588b100201e515ee688c61e52710a5816bace44a7769fb5764df3cfe07f1cca5453686f57c794
250,123712,8394531,0,32012697400,0x2f5105ced98fd0dfaec6eed6125ab0d35f4e5c22,0xab0ea18dff6442b81335433c80b682f8ea41c4f43192e6333225ad11292d46ea676779dd783fb64ee85cb318b1c3d7dc
251,123701,8392861,0,32012789716,0x2f5105ced98fd0dfaec6eed6125ab0d35f4e5c22,0xaeb802be27b9ed10d89dad1ea16900f25eb5e556b8228ee43d973491af594cff0e8762611b737da1136fa3a571549db5
252,123086,8391266,0,32016028617,0x2f5105ced98fd0dfaec6eed6125ab0d35f4e5c22,0x884376c896da9ae004875766e2bdd7e656badd2fcb3c9cccac2fca77b7cfd0a50effacdabbb67c191efe119101fee796
253,123375,8391228,0,32014617202,0x2f5105ced98fd0dfaec6eed6125ab0d35f4e5c22,0xb321af821577a8a57742fe3c0cddf1032f7cb6c3548f6b898c88abcadfb90715f371f99ea778a7dfdfcc713c159d60d7
254,123773,8390526,0,32012325015,0x2f5105ced98fd0dfaec6eed6125ab0d35f4e5c22,0xb09113f55122c18cc9f5e19079b6b3d72d1db881aea5b49027e68613f0daf2f6b9655a2e2d90a3b4e731db8ac9619b84
255,123088,8390094,0,32016118583,0x2f5105ced98fd0dfaec6eed6125ab0d35f4e5c22,0xa9ae5dc288c84e19b67d21b7f9f1ff23d2e4af986abe0afd4cdaf279f09d020e702553d6888a2beff77fba8e9d2cf238
256,123309,8389922,0,32014797474,0x2f5105ced98fd0dfaec6eed6125ab0d35f4e5c22,0x837da14f029b4f58e90411b94f7d6f450468725fd3fb0f4f6e37012b3bc444753f2a7b7c44edb95d442031d742ab61b6
257,105612,8388872,0,64190084718,0x2f5105ced98fd0dfaec6eed6125ab0d35f4e5c22,0x81b219eb0b5007d9291b109f7aef8d76f70c9247a6afaf844ef2be7086dedf5430b81303d012e030cd7159b74fe5c941
258,123395,8388073,0,32014549995,0x2f5105ced98fd0dfaec6eed6125ab0d35f4e5c22,0x90d3d7a072ac6823d95c1f60d0bc04e1a1c4c6b4bb1ac9fc7095681b81f80d5caa3897e24971c654844b036b300e2a75
259,123839,8387675,0,32010520266,0x2f5105ced98fd0dfaec6eed6125ab0d35f4e5c22,0x970255f203e7be104f37e1f3d7e5b7c5672f7466a79f8d5e7166b2761cb9107051ea56409d3efb070e855ecff2a615e6
260,123625,8386832,0,32013259316,0x2f5105ced98fd0dfaec6eed6125ab0d35f4e5c22,0xa65a2c1d903519617b6e266dcb703630bd462c4160556f182dab9f0a9753f2659b4fd2b8e9e51b7eaa6035f1d2fc802d
261,123516,8386526,0,32013835213,0x2f5105ced98fd0dfaec6eed6125ab0d35f4e5c22,0xa9c539360a4722905b4d0377327b4105ac2471a2dc323a0f68a738e910b9223edfc090793b7009267b5e60c54f88a0ad
262,123497,8385101,0,32013897929,0x2f5105ced98fd0dfaec6eed6125ab0d35f4e5c22,0x8b02851240f47ad183b77029d5f28baea4ae29f5458e1c1d0c4207ae36e1d24e4a17814c64edec69c9d7e290c65558f0
263,123321,8384930,0,32014641557,0x2f5105ced98fd0dfaec6eed6125ab0d35f4e5c22,0x87d51441b9ed52b3e3e9540dd45889038516c02b2afba8def65e89274af62bd2f6cab6011f436974680fcaaeec10aa89
264,123865,8383866,0,32010406315,0x2f5105ced98fd0dfaec6eed6125ab0d35f4e5c22,0xb340de47d1493bc9073dff52f3c57a7be3d433bbb4ef17310a9cef993af0d0aadede16663cc76aa9e12ce3ebe076e3a7
265,123758,8383675,0,32012461099,0x2f5105ced98fd0dfaec6eed6125ab0d35f4e5c22,0xaca3083466e33c1ec55773abfe686d6f4d755b85012ba13bd96a0dc6677b1950e2bb087cacab79f963b5662e47a57547
266,123349,8382735,0,32014766696,0x2f5105ced98fd0dfaec6eed6125ab0d35f4e5c22,0xb5109d1b55b66430f4656cd09c778e7ada2a80448202b854d231a3b28ee66b987c4889b870533173808f735874bd2a7c
267,123095,8382502,0,32015980190,0x2f5105ced98fd0dfaec6eed6125ab0d35f4e5c22,0xa1634881f67c835ec471d7449011119348eeccc5c015ad9b0d2d71f471ebae3be220e362e2182be2a53c44ed3f998dc1
268,123966,8382155,0,32009693146,0x2f5105ced98fd0dfaec6eed6125ab0d35f4e5c22,0x97d3bc1b2ec6911f765df6aee22fc43947b168ca8c992ead4647f049bfc53aeda97bbf973c63e7c081dd8bf6d651b721
269,123351,8380912,0,32014713179,0x2f5105ced98fd0dfaec6eed6125ab0d35f4e5c22,0xa573f6bef657f26de59f6ba0e6e25c7bfa7712ab655aba9d54567d007bd7e11a68038c527aef453eebe424daa84a34d1
270,123591,8379447,0,32013512092,0x2f5105ced98fd0dfaec6eed6125ab0d35f4e5c22,0xb712e22fcc44898df0dbc55dea141f239d889c9a1d4d32386e44f1ed3ca3842be37c7309a34a332abe2385872133bfa6
271,105434,8378843,0,64278574466,0x2f5105ced98fd0dfaec6eed6125ab0d35f4e5c22,0x83de0232c0d4b2f84eac7abc471978027ea6024f9cdb731521edcb37a98d0bb4b00412b0c52c762f6f4d1b60fd883121
272,123598,8378719,0,32013381870,0x2f5105ced98fd0dfaec6eed6125ab0d35f4e5c22,0x8d5a191a448f663338d03d867dd5bc519131cff6cd38fad7b80d604e1ecb6f0fb1756a44c9b68f20194ee0f1026e570d
273,123465,8377831,0,32014085003,0x2f5105ced98fd0dfaec6eed6125ab0d35f4e5c22,0x89719e81c9aaadf05a7b348e8405d9212aa9f15508a15ed3a3e26caa8532dbbc584abe312564dafd258d07388f05098a
274,123099,8377749,0,32015969352,0x2f5105ced98fd0dfaec6eed6125ab0d35f4e5c22,0x8da87db518fed3cfb24034c252bbe3ee7891691974d10f997f50be335ff0d7c16b7218ffb267a80618610cd1e3eb4ac4
275,123801,8376531,0,32010821846,0x2f5105ced98fd0dfaec6eed6125ab0d35f4e5c22,0xad78df1e655b79b36cdc2c0b3c1804ae773b1a962f2c342f355a171d8dbad0d1920df8469fd98365f583088363969fbd
276,123816,8373553,0,32010695516,0x2f5105ced98fd0dfaec6eed6125ab0d35f4e5c22,0xa560bd2a38f06a43edad7d006a825360d8b97f4273c503a9575c2b46a46fac2f6300be92e3abd036ba6cef9cddd194f7
277,123748,8370769,0,32012515658,0x2f5105ced98fd0dfaec6eed6125ab0d35f4e5c22,0xa6573dee22e68a4b0881b2f194ab3250c3ea58c36d73614a91ff691639e9faa640c7a38f021bd480980b9bac7469a0ad
278,123641,8370573,0,32013155358,0x2f5105ced98fd0dfaec6eed6125ab0d35f4e5c22,0x8a7b64ff5bf8f3fdfae3c5de33a44929aa4dd211efa097d15ee297170e26d5a873b127aa2de8b7a43ed7c0f870497527
279,123796,8367286,0,32010865995,0x2f5105ced98fd0dfaec6eed6125ab0d35f4e5c22,0x841a1289b900f607042aed9a87b1a5f40f23bc69ce193b8f4034d1a9b6a2a9db1075f7c45b8042678c0d9edd9a9c9ebf
280,123109,8366198,0,32015833572,0x2f5105ced98fd0dfaec6eed6125ab0d35f4e5c22,0xa8114ea24675291009ad8ab641a254d5fb219607cd4ad593312d28a87b91aabdc3191df50a859c062a8f5e315e4d378f
281,123688,8366093,0,32010354249,0x2f5105ced98fd0dfaec6eed6125ab0d35f4e5c22,0xb18e046f1bd3364295b033794402f844a11c933c5c9b0ccdbf925b921e975a85c1972eaf0f1170dcff55b86b5da2ddfd
282,123603,8364741,0,32013289881,0x2f5105ced98fd0dfaec6eed6125ab0d35f4e5c22,0x94f58a395bcc703fc3bebeeb4b538bd0b9971e5183f98f917de3956c7a138248b42c29c60fbe5b5ee7d1b1f519ddd2a9
283,123772,8363093,0,32009501869,0x2f5105ced98fd0dfaec6eed6125ab0d35f4e5c22,0xb230e6d226a2287350b811357067090d8215d468368e5726c38623e2cb5d07ea642b65f7a8a52832bc2f3a3f7693b120
284,123953,8362231,0,32009796183,0x2f5105ced98fd0dfaec6eed6125ab0d35f4e5c22,0x928a72144181e84abd97c54fa50e05faa579a08309d75f617efdc4c44a7b6cba4e5b4fd1006a1553ddbc1fde69bd4cc8
285,123470,8361373,0,32014004224,0x2f5105ced98fd0dfaec6eed6125ab0d35f4e5c22,0xac6d251c5e100dd7089115e4c5fd11d4eeeb6e7142bdf6c34405adea71ea54e22213441697806a26581f74cc38d7a398
286,123715,8361090,0,32012714458,0x2f5105ced98fd0dfaec6eed6125ab0d35f4e5c22,0x935f364c9cf2e9803f65461a231f714e9882daba55d615cc98c1b5fcfc560ef3a458d890b6132ea0e93e248d05f2ca85
287,123055,8360871,0,32016046061,0x2f5105ced98fd0dfaec6eed6125ab0d35f4e5c22,0xa183028e33e033faf4d6e7eec3c6797711a68b39d45182c662d9c85e4b7b70bd09ffdf450314226d8c444fad0e1831da
288,123607,8360311,0,32013326198,0x2f5105ced98fd0dfaec6eed6125ab0d35f4e5c22,0x875a753578923bf56e43727f09059d5f25a32f9bfabe272ac0c8bda57749fe3a3b30844552df167f36976404f67298d7
289,123589,8360256,0,32013391764,0x2f5105ced98fd0dfaec6eed6125ab0d35f4e5c22,0xa82c5298125094d6c1eacb9ef088f99449ed2677de330e19d0233a477ec953500f3d1301fcf378c8444e422f91d51f04
290,123054,8356528,0,32021309389,0x2f5105ced98fd0dfaec6eed6125ab0d35f4e5c22,0x81f00c04979105fa324ad9b4e10b74e57e4685bb41982f9d414071016a03801d44427884998ab1a57914e0c576a83944
291,123472,8356353,0,32013881220,0x2f5105ced98fd0dfaec6eed6125ab0d35f4e5c22,0x92bb000c94dc3d08249a191aa71d10d0eb52c10e045e5ad53bb8dfb981a3c567367af0c81da251c0c3f4a323f68f4dc2
292,123838,8351742,0,32010591576,0x2f5105ced98fd0dfaec6eed6125ab0d35f4e5c22,0x85dcd33c9a124634c247bda9e1fa9c2423c29ec5fe16842af9b95d7ef773b143e81bd37cd6cb1655e1358e8a50629d7d
293,123936,8350985,0,32009861469,0x2f5105ced98fd0dfaec6eed6125ab0d35f4e5c22,0xa45cfb452289a19daec6109ad6502d7c8edb024e2b58ea3cfde87a9259298eaf02c982998b85cff601e034de9140cc90
294,123912,8350675,0,32010073411,0x2f5105ced98fd0dfaec6eed6125ab0d35f4e5c22,0xa4cd64fb05229df4d999cd9aec0f5340b3fd3cf2f5d1909868f1f435188c034cbec82eef49e7e3f564bd26c529f7e52d
295,123645,8348034,0,32010518352,0x2f5105ced98fd0dfaec6eed6125ab0d35f4e5c22,0xad9c993b4a268b29abb7de7c9824ede165ab123332c169ecd3bb7fed97901879170ef5db4612c9a6a71ad6094e8fc8b7
296,123652,8347955,0,32010446043,0x2f5105ced98fd0dfaec6eed6125ab0d35f4e5c22,0xa576cb1343a9a3c67978300e5a78133aea1c1c0b0f936b98faba4b7eccdcd1cf41e31fae9b6035df3d9ba196607da145
297,123955,8347146,0,32009756329,0x2f5105ced98fd0dfaec6eed6125ab0d35f4e5c22,0xb0ad1376262122dd1bbc7a178b77effa42347a54d74a6b59798a70c96d8607f644728b40538b812e627a25b32db1084a
298,123103,8344768,0,32016025690,0x2f5105ced98fd0dfaec6eed6125ab0d35f4e5c22,0xb5b69cd195358ff8fac73735476c6a66163d0e0391cabff8d5b3cd59d4e86f212825d240d4c159694e66904653ca1d94
299,123957,8343901,0,32009723211,0x2f5105ced98fd0dfaec6eed6125ab0d35f4e5c22,0x8284165019fe5b791ec402f1b2ede63791d4c1f72a18aa8c063f00f0fde328550772cd3804368ce7a09bc94fa8095d12
300,123558,8343328,0,32013602959,0x2f5105ced98fd0dfaec6eed6125ab0d35f4e5c22,0xb8ddf50f506cb1c1909becf181873f092e7793e4e99754977ec4f18788c4fae33a14aa1e4ec05b1db3db3e83058d6796
301,123710,8342693,0,32022041897,0x2f5105ced98fd0dfaec6eed6125ab0d35f4e5c22,0xb81d9648f0001366b059c63a1be2c51f748cd29576fbcc8f7e3c6c3685bf304b43a796aa78f61f0b0b9b6122e3fd2974
302,123092,8342189,0,32016099173,0x2f5105ced98fd0dfaec6eed6125ab0d35f4e5c22,0xa113097f14a3c8662bbd45fd02d0f3b2e363ae99e169fb64186fb93cd5ab08e72ccd0639cfe26b74d812a2e6ae215bb7
303,123306,8341329,0,32014704473,0x2f5105ced98fd0dfaec6eed6125ab0d35f4e5c22,0xaa8f9b3d109e6549804e10b77244c52a6e858d15de364b0f1adfb3d8946d7168351cc89284ceaca984961162d31b731c
304,106461,8340722,0,64203000969,0x2f5105ced98fd0dfaec6eed6125ab0d35f4e5c22,0xa25a6c09a0f46382af6017365fffd32cf37a1cb1b88c137962b049e5162cb0e11d203728e4ab03dbc18176ccd267e0c1
305,123684,8340526,0,32013501617,0x2f5105ced98fd0dfaec6eed6125ab0d35f4e5c22,0x8003ccbe7bac186853b6ba88b52a70f407f1c3f6dd7477f5b4c63ab9fa1fa9302679e009cb506443c4b98429c2d7259c
306,123098,8338786,0,32015994059,0x2f5105ced98fd0dfaec6eed6125ab0d35f4e5c22,0x88c7d4ad279cc03ceb0ea782a0830b69ef9be7e7bd5198637ed9ffe2b649128996eb5437c753f41f1eb292df7f0a284d
307,123296,8338501,0,32014821295,0x2f5105ced98fd0dfaec6eed6125ab0d35f4e5c22,0x92a33707b976c3b2e3ac2d85eb40b86070bd6dccf913516d92781b31fa5db5ea4761c4796c451b80122169cb825f9fb4
308,123080,8336686,0,32016130135,0x2f5105ced98fd0dfaec6eed6125ab0d35f4e5c22,0x85331db75662ea9c03cb4fd868c04c95df6b482bc978bc4870e19ec63b2dbd94870c2e8a747194fae9d345f79e01acd5
309,123097,8335672,0,32015944617,0x2f5105ced98fd0dfaec6eed6125ab0d35f4e5c22,0x953e4cbe4a7c9e840ddac2a57a9b5c605f0cc97e08c35f78dce5bb8c81d059a7becdf3a6d01817a163705e6c9a43b673
310,123689,8335667,0,32010245284,0x2f5105ced98fd0dfaec6eed6125ab0d35f4e5c22,0xb15e448002bd0503d6c8199df0f443236ea86e7dede226052aba82330f44ee49def2f45580fb2e6d029a28541b7cd151
311,123621,8334454,0,32013175609,0x2f5105ced98fd0dfaec6eed6125ab0d35f4e5c22,0x81fd49e75b98f760fede87d7434efb3c7f935834f2ef556150eff04e4a2952692019ab0ee9ac57ca4024a0a516cbbb75
312,123674,8334129,0,32010278166,0x2f5105ced98fd0dfaec6eed6125ab0d35f4e5c22,0x92afdb3397e1af1b2fbb50be8557cfe78f63363883f6a2be7dda126e631b481e8a3577d4fdb156ac8c13a9631bbe4d7f
313,123392,8331944,0,32014253821,0x2f5105ced98fd0dfaec6eed6125ab0d35f4e5c22,0x8069c65644c8c3ee947dc63270f241c91393f82f39b59db2cb96cba69ebd3f6240dc4c29c61fde9c749e68810f25c692
314,123102,8331153,0,32015908748,0x2f5105ced98fd0dfaec6eed6125ab0d35f4e5c22,0x80984c44576c7b847efd7b1b0dd1edbc4fa8e7faa5839fa94db3b8f0ad5b862ee5e8ec146732267c576caa130cb6662e
315,123585,8328161,0,32013475305,0x2f5105ced98fd0dfaec6eed6125ab0d35f4e5c22,0xb1e5f4f37a480e28858f671ea990357c434730f7af7e26a07d42eb846b9df1e70f36d53d98248c92e640a0e97a5625c2
316,123051,8326154,0,32016122465,0x2f5105ced98fd0dfaec6eed6125ab0d35f4e5c22,0xb739dbd61689423d8621f7cbe69feb60c3dec4c2da568e3ab7148c7e4a402d3c0b2aefc80e1ea7472e104b60ec3fda42
317,123277,8325508,0,32011966558,0x2f5105ced98fd0dfaec6eed6125ab0d35f4e5c22,0xb1f12c7b26435c694d7d8c81d2faaa0256e138d0882f8547afabf87b78b5b63d57f0716c259729e33fa68ca99a1ac60e
318,123744,8325237,0,32012481433,0x2f5105ced98fd0dfaec6eed6125ab0d35f4e5c22,0xae76c70992cd3ff27d1bd65a8dbd2d58628a560785f90d2ace30a9b71ac1e4f17e540bb263f2bd296ef78a2202204e57
319,123662,8324943,0,32012922298,0x2f5105ced98fd0dfaec6eed6125ab0d35f4e5c22,0x901d47a0af88522f0d4253d100e77494b693f1ec50b52c76bd01d42e91a5cf742e704f65421695b9c4be497bc8847434
320,123282,8323269,0,32011988848,0x2f5105ced98fd0dfaec6eed6125ab0d35f4e5c22,0x80cd0db17f9edd31c1b1c797e71256a09720307228566649d935360cc537480ceb453a2d13d0572cf6d7bbf3c368fa9f
321,123268,8322052,0,32012104409,0x2f5105ced98fd0dfaec6eed6125ab0d35f4e5c22,0xb390b04876b4c13dc83d467fea01851dc5270ddc6ae1aac4f66d94ccddb45b5fbcad6aefc38a90c0f6a5699696ef5463
322,123546,8319922,0,32013566951,0x2f5105ced98fd0dfaec6eed6125ab0d35f4e5c22,0xb73a1c727fefe856f6a12ff7fdfc116b31eb40c01f5f9759ab01c9d1a71f7ee3f7bd1bf6686d430728d63e930f46c7f1
323,123829,8314196,0,32013690792,0x2f5105ced98fd0dfaec6eed6125ab0d35f4e5c22,0x86477725b44ed91723cbd65b266f1b6fd99191271d018f6c5a6f6abffc442f66995f6289accd708d1302a3a61a59f206
324,123690,8313449,0,32010255782,0x2f5105ced98fd0dfaec6eed6125ab0d35f4e5c22,0xa2690bb01ac3d0f5220fda89fd1ba4e78d504067ed3c4961dd2511973f6a2170e68cb0016e115e5d1f6262ad66b6e539
325,123258,8313247,0,32012130775,0x2f5105ced98fd0dfaec6eed6125ab0d35f4e5c22,0x98747d11ea81ccb9e4ab39ffb16ebf9e419820ec7c25fb72e1ba2411f483870fbb392705273b1a061fb230b317193be8
326,123750,8310484,0,32012324742,0x2f5105ced98fd0dfaec6eed6125ab0d35f4e5c22,0xa42288f8af29ed45f312cb2505b9f5d1dd9228b4459de3492999641b2af2b2242f9dd037e63ea1df2d5494d6d0ae0691
327,123649,8307964,0,32010476327,0x2f5105ced98fd0dfaec6eed6125ab0d35f4e5c22,0xb10c6c8e853b024c77a041c957907602b04e230a6ea5ed0f43f1ec52a55da397491b4d0767804ef2b37ae3978e3a4372
328,123442,8307591,0,32014050637,0x2f5105ced98fd0dfaec6eed6125ab0d35f4e5c22,0x989bb2b1f63979ea16c04ed2bb36807f00ce3c4f51a8edba4eabb31a8a540f1b1ed724e558f46b40c82a492a346d63be
329,123350,8307402,0,32014195746,0x2f5105ced98fd0dfaec6eed6125ab0d35f4e5c22,0xa9ab64d910a023312db95d6e7df90c70b674aa2fbe0611994c8f3fbff9c52b69b211c715ef07a3e2a1f4e3e0fecb7486
330,123400,8305794,0,32014399293,0x2f5105ced98fd0dfaec6eed6125ab0d35f4e5c22,0x85d8b26dfc549ca34b36005f0fc876da00e806318775e1a9128180bf73188f91f49eecd6002e7ee276960e2f1a6fc678
331,105404,8305272,0,64226092722,0x2f5105ced98fd0dfaec6eed6125ab0d35f4e5c22,0xae8846688380a40eeb00c28bed93d062599c8f564502f86d492c73153e84eb7a18903ed9dbbaa15cf2f3da2faef12709
332,123833,8298734,0,32010507227,0x2f5105ced98fd0dfaec6eed6125ab0d35f4e5c22,0x93641a58e0b77f2c7871954f936b42faa8f32803be10030b34cc2deaf6e98c5f7dc31bfb53eef86cd220f045be036264
333,123899,8292781,0,32007483987,0x2f5105ced98fd0dfaec6eed6125ab0d35f4e5c22,0xb1243d5c0bba88b9afd1902ee1c6a879a8d45b6a3a8ca011c4edaae7f016f28c8531507091e864c0462b72c488296504
334,123734,8290952,0,32008259969,0x2f5105ced98fd0dfaec6eed6125ab0d35f4e5c22,0xa2bee3e2a5874f32d326946feac19d5325492681bb99d2f9ef179fa7646ba0127bcac2fb644c22aa00a2bc74ca6dd0d7
335,123800,8290861,0,32010717707,0x2f5105ced98fd0dfaec6eed6125ab0d35f4e5c22,0x86a5d03974e143f2ac324e52b9015b3d0488913e695e512db476a33bb432047a49d2e6063500da7d840330b7106318c8
336,123846,8290606,0,32010379953,0x2f5105ced98fd0dfaec6eed6125ab0d35f4e5c22,0x802e53dd54a424bb4373ad78d19b3fe934bf42bc8933a10341f369f23f696c8f91c3cdb627ee8e5689a8c5d327a5a995
337,123487,8286907,0,32013899548,0x2f5105ced98fd0dfaec6eed6125ab0d35f4e5c22,0xabc5b2271409f8dfb182ac56e58def9f2c59f9c2fafcb509484cc292c80c14f4a0596e8fbde13b8fbc084672c6c64016
338,123346,8285035,0,32014713397,0x2f5105ced98fd0dfaec6eed6125ab0d35f4e5c22,0xb6bcac1bc420301b796bb8c6f03e41267a59010f9798be4965eb69d401fcf57be14392dff548d1ede9068c91a7e73818
339,123283,8284623,0,32012152557,0x2f5105ced98fd0dfaec6eed6125ab0d35f4e5c22,0x905c401dfbaafbfbe4c649e2ccc4a5348d31e1ea74ee233c7ae676b1428801a087970a677ed753e0593579b975f2954e
340,123100,8279744,0,32015824023,0x2f5105ced98fd0dfaec6eed6125ab0d35f4e5c22,0x8c5eacd43e1f6f1c61df20c4969e781a1aa4ce1eb7f1d4ad0ad341ef4424d140e325a74501fe2c21cb0f663e45476356
341,123577,8275469,0,32013416663,0x2f5105ced98fd0dfaec6eed6125ab0d35f4e5c22,0xab53d42db0168cf09a0fbc19f57697c6ba6f744a858d07912379159d65ba4809831cb7b68abbef085af08452cc4b56c1
342,123260,8274277,0,32012072663,0x2f5105ced98fd0dfaec6eed6125ab0d35f4e5c22,0x881738f15b4911dd67223e1df01746e1fb447e6c9c86096d31eac6f3fcccb2d9ec3a2f064e0d11535b2a642b7682459c
343,123653,8273670,0,32010385146,0x2f5105ced98fd0dfaec6eed6125ab0d35f4e5c22,0xadc1bacddfdc708048bd0d66720c7c63e78f4d4903aaf10f440db90ff862cea0c5d812871f2f69edc3bf694d4a308fcb
344,105617,8269130,0,64226047006,0x2f5105ced98fd0dfaec6eed6125ab0d35f4e5c22,0xb8f04b4166136a22df4da7359ecaee4f448c278a29d7b6b6d50916d481093980f4b05a4b42b16c40a4143923dea27c2e
345,123695,8263123,0,32010313116,0x2f5105ced98fd0dfaec6eed6125ab0d35f4e5c22,0xaec36189f444c1df630c0c821a7582c9619a421da1d771a0886e655aa77b75ceee526f77350a4c8e14e1224ab1f9d7f7
346,123676,8262639,0,32010253121,0x2f5105ced98fd0dfaec6eed6125ab0d35f4e5c22,0x89cadb9b610a6c53b08b86340c48b9eeef2174deabfaf756a57520079920e93a29d936c9db513332c64033812a387cd2
347,106483,8262068,0,64179898266,0x2f5105ced98fd0dfaec6eed6125ab0d35f4e5c22,0x81bede4f8b88249270fc09e8c136be10e16f46182c0652733a9dd391f2b2d88ee53cfef8ee44b43891bf225b65320fdd
348,123286,8259341,0,32012006348,0x2f5105ced98fd0dfaec6eed6125ab0d35f4e5c22,0x85681376a4892fffcdf5b574b89095882a818d381dd6756a559b2c1f8239bc53d0b895714d62d2d01b94ddb57cf6563f
349,123680,8258803,0,32010164873,0x2f5105ced98fd0dfaec6eed6125ab0d35f4e5c22,0xb3d1f61f70e755516f1d6dc94390879cc6361b1676067c766e5552752a2a3a504bb086680ca52691749d4bc433c3cc9d
350,123272,8257548,0,32011963643,0x2f5105ced98fd0dfaec6eed6125ab0d35f4e5c22,0x8b8b819938b71f86b95b5f8f3a288d61166a83b029915fe27582d24484a5c365110827940ac9635edbd5fa7e53c14554
351,123256,8253642,0,32012036575,0x2f5105ced98fd0dfaec6eed6125ab0d35f4e5c22,0xaae8613fc00093816d1b2aa0cc471b8cb9865fbe716cd247ff32824b9ab30133185ed550e6ab23ac8eed21b47fccc3e2
352,123681,8251674,0,32010147380,0x2f5105ced98fd0dfaec6eed6125ab0d35f4e5c22,0xb47d0c47367e8e28f4a728c715c8318551b845e234918b9ef5596c9e84173428b1d7aa7c420b5b47a4205aad46ca7152
353,123407,8248860,0,32014226352,0x2f5105ced98fd0dfaec6eed6125ab0d35f4e5c22,0xac846207e40da88f7f564b02b261a71ce40b74d5edf9624af940d9f4d4fc18d9bd73867834c08270dd64f0b77b5b61b9
354,123904,8248640,0,32010016755,0x2f5105ced98fd0dfaec6eed6125ab0d35f4e5c22,0xa4da8ed56aa87125238068ed4343ea6bd0778bb504d144a076b9d3b36cf86d3239fbbc7213ade885a37f7a08da0bb032
355,123275,8244299,0,32011887318,0x2f5105ced98fd0dfaec6eed6125ab0d35f4e5c22,0x8a17a6c4923d20f3d502b7ff1a2ceb60678c94aa0a79e294f8b887040b03fe1d6d49e8b3ddf125571d75255a0c6eb0e1
356,105424,8243271,0,64214687508,0x2f5105ced98fd0dfaec6eed6125ab0d35f4e5c22,0x8a6a927d316b32910e710bb364839e0fcd709b17f6368c6b6b5d24284b4a1824b87a64c5d1d95dbc95f10f4147878529
357,103871,8242062,0,64223044915,0x2f5105ced98fd0dfaec6eed6125ab0d35f4e5c22,0xa7ce902b5a7fe9a6ce80b9f15bf69116cc6d9fd6d1996214b8aaceebf53828f1c926fd9e9ac246077757ad848b2077b3
358,123287,8241940,0,32011941749,0x2f5105ced98fd0dfaec6eed6125ab0d35f4e5c22,0xa4e08612fee9430ecfe7414cb5bb1d1370fb705f7eddcd48430bbf0768993429ed335337620f22387969e8ca11062e9c
359,123280,8240415,0,32015607363,0x2f5105ced98fd0dfaec6eed6125ab0d35f4e5c22,0x99e799df8af869ce63d84118fed9604e77d043fccb3d0f7f0c3d6be39a47d04afe46bec0bf9ed7b2fa40ef51964b8519
360,123261,8240284,0,32012116605,0x2f5105ced98fd0dfaec6eed6125ab0d35f4e5c22,0xaf9957b678747d6b051ab42c0f7b4dbb3bf5adb8c22da1c5da159b3ffd926545380fe2b644059325d5bb88127b6189cc
361,123931,8238473,0,32009839120,0x2f5105ced98fd0dfaec6eed6125ab0d35f4e5c22,0xada04d241202b71db03e8ba23c8373f9450177c2ae7dec89be39789f5bc5ce84650bf7bf4d7335ce3600d9427877180b
362,123274,8236918,0,32011956309,0x2f5105ced98fd0dfaec6eed6125ab0d35f4e5c22,0x93398f479d7d051c5d478b3ffab5ac0e9ca9bdd03186adaa02a2ecc4f9832b618c95970dad6831b820cece3ffe8c6fd2
363,123941,8235461,0,32009757708,0x2f5105ced98fd0dfaec6eed6125ab0d35f4e5c22,0x81a043f0ebeee4ffeebf5aef70902512fa9b1651c3027fd28ba5862ddf877eb04dfeabe33c2dfc153ac02ac498b5e183
364,123544,8232385,0,32013432751,0x2f5105ced98fd0dfaec6eed6125ab0d35f4e5c22,0xb7cb6d8fa093efde11254b8685be49fc0ab606a75aedcb04bc37113c57cffa9b2f8d923aba20c64a4843b2ee82651406
365,123262,8232196,0,32012095533,0x2f5105ced98fd0dfaec6eed6125ab0d35f4e5c22,0xa2189a89ddf765537fb7ac9361ab028718a1cdec236c9a695c1c5d6ca0b80222bcb1d848a36e41551c70a31fefd461c3
366,123848,8227668,0,32010406059,0x2f5105ced98fd0dfaec6eed6125ab0d35f4e5c22,0xa808b4b677a73c45eb35c267b8ce11c3c21d35f8ef97f343ff16842c1f09d5c294882a588021fc0b0c1e88512c71b75e
367,123694,8226759,0,32010233937,0x2f5105ced98fd0dfaec6eed6125ab0d35f4e5c22,0xa0b1deec6f1310e2066090b6313baaf808c3c707e2f15ef69932516271a56e296682a69f9d0b580b93a684a5d9301cb3
368,123693,8225809,0,32010261946,0x2f5105ced98fd0dfaec6eed6125ab0d35f4e5c22,0xaeb56a37148fc83ce0f3c1f31accea112d419682a82ed62b457551d44aedc8cb9e5f846b43367aa81db97533aaf7a7f3
369,123648,8224248,0,32010424232,0x2f5105ced98fd0dfaec6eed6125ab0d35f4e5c22,0xb540841f0e223d80b556f2af3f390aad35c957c54bf79534daecbc61f6d121a3f41d2412cc5807ba457bd647e030ea01
370,123270,8221829,0,32012049549,0x2f5105ced98fd0dfaec6eed6125ab0d35f4e5c22,0x9419755b2c9705db548f66bcb1866baddfbd8dd824abbb37e86d5097bce5614d8ade10ff71e2ec5ecee6b3a5b9b82d58
371,123271,8215342,0,32011991516,0x2f5105ced98fd0dfaec6eed6125ab0d35f4e5c22,0x83c6bafba0abed03c8d41e7d458b1032da234be4dc56f3948e0de6f5cd94c5ec78f3f42300b9f4bb45b468f021f3d74f
372,123251,8214739,0,32012032130,0x2f5105ced98fd0dfaec6eed6125ab0d35f4e5c22,0x9190cf6ce29ccdf32effcf5228897441c9de8a8004a74b0e0190de58749ff36f04dca11879c74bf8c389029af2422a01
373,123504,8213028,0,32012290845,0x2f5105ced98fd0dfaec6eed6125ab0d35f4e5c22,0xacaf90ed0c0558a32dee09c812edf944d14e26aac663cf737ef502c3bcc4048c705198675610a3885e8cd60a2fb5ac2f
374,123259,8210172,0,32012091950,0x2f5105ced98fd0dfaec6eed6125ab0d35f4e5c22,0xaec09d43232201bb02d50cf418bd929d8d666604b6e172a080f583a23a0373acd00814736260d1fe14728c3e7bdf7e47
375,123269,8208784,0,32011977196,0x2f5105ced98fd0dfaec6eed6125ab0d35f4e5c22,0xb9f71b4f67149c691af2ab8cac7ac9a77e9070ca365bde2c62ce287fab3a32d9608ece8e9fc695b3f10a7bc5ae9275f4
376,123687,8208387,0,32010094545,0x2f5105ced98fd0dfaec6eed6125ab0d35f4e5c22,0xa4e97152ed4be4387b8eceb10d220129b00857037672905231c15bd95459316f05c9d932e3ea64056a68429c8bff6b77
377,107064,8207259,0,64176209911,0x2f5105ced98fd0dfaec6eed6125ab0d35f4e5c22,0x8b0f22cb6ba92e68ff11cb5c9b89273ffaf4510b45ff08b871e9b36a685e074f0c8bf0b49e3e44147a00b5ed4cf8b689
378,105344,8204193,0,64199496582,0x2f5105ced98fd0dfaec6eed6125ab0d35f4e5c22,0x979b80cc317e4abbe582597a5153c4d624804204c36d9cf1de1e6565c61a4a99d20aa671d03b415dd8034f512da07448
379,123647,8202266,0,32013721907,0x2f5105ced98fd0dfaec6eed6125ab0d35f4e5c22,0xa69e9202440525876eb28df684762252b98c0ef4fd1364c74b3003504b5be8ac839678d09bd5807bd1db9021eeead9cf
380,123920,8198740,0,32009877453,0x2f5105ced98fd0dfaec6eed6125ab0d35f4e5c22,0xa7d22be362b33c4ea24dc7e3cb15dbd4b3dc30efcea968a81a349f74e6d020d5b5bc0ae1920bf1f6cefe42d0551196c0
381,123670,8198166,0,32010127832,0x2f5105ced98fd0dfaec6eed6125ab0d35f4e5c22,0xb334724aa69c1b884f5706c6c4489bde6dc9d9906864aaeb93f609956cfdb343b5f78e277290b5d810eaad32c22446a7
382,123682,8197987,0,32010120595,0x2f5105ced98fd0dfaec6eed6125ab0d35f4e5c22,0xa2b25ec33aa0667942ad91b0a902c4feb842dcd015bf3fca1e12efb924f8412897d9b195c5e599573323831cf92483bb
383,123673,8196845,0,32010183459,0x2f5105ced98fd0dfaec6eed6125ab0d35f4e5c22,0xad4a18de2c3ef52e5427e2ff10b5638a1ed9085c0e79733b2fd5cad6f7657040313b2615b84e4a8097b97380a33d0d41
384,123061,8195991,0,32015982174,0x2f5105ced98fd0dfaec6eed6125ab0d35f4e5c22,0xae04286e6b899df85f41dd0219d7b47308d765a95e0f091d14327e2152a0bfdfc54d3dec70c77cf533bf8611605b2b93
385,123273,8195483,0,32011886085,0x2f5105ced98fd0dfaec6eed6125ab0d35f4e5c22,0xb8b3cf569029c4e65a7de62946e9938aa463543e18f5572b984df29c943abc9fd992bf672dcc43f6eca3972f71711ecf
386,106473,8193115,0,64257317948,0x2f5105ced98fd0dfaec6eed6125ab0d35f4e5c22,0x8194f56b0e2ec2c91f9896de934e2353749190918b726af3d5ce24e1c5a33ee11fec330f41b83a3248a5dd0565fef90f
387,123278,8193105,0,32011871183,0x2f5105ced98fd0dfaec6eed6125ab0d35f4e5c22,0x936aaae1c2f78ef98dfbaecbd6c513a585556a9e8f918ff9d3c87ddb4fec8919d6240444b0049895066a1d9313012916
388,123402,8192913,0,32014179755,0x2f5105ced98fd0dfaec6eed6125ab0d35f4e5c22,0x958ec4e33b3f700d1b7b2547fc54c7d8baff7d7c325296780d7a212425e39cc13150d76f1638492ce2d42c9186782ac7
389,123672,8191710,0,32010177939,0x2f5105ced98fd0dfaec6eed6125ab0d35f4e5c22,0xab3829e9355267a806fc302b304307ae0be97afe32e2dff516c17d66109d2cd1ccecb8165ee3306052cd2f45bcfbd8c0
390,123703,8188433,0,32012544066,0x2f5105ced98fd0dfaec6eed6125ab0d35f4e5c22,0x8981ad337d9e977494a11a23f34ff2a1f1c8ed63aded7d8913e6e76b24adcf21208c01afa94f29c91811dca5ed1059c8
391,105596,8187221,0,64214496792,0x2f5105ced98fd0dfaec6eed6125ab0d35f4e5c22,0x8a2f60a170e9903b21cbb5c260fa8461bf2468d0202820bc83e053fd8659a0b69adeb740ba48aa00fa2e4ced4b2dc5b8
392,123683,8186508,0,32010138935,0x2f5105ced98fd0dfaec6eed6125ab0d35f4e5c22,0xb354fa32685e25993c60a6be3f7d6bb7f888902e5b5fa29c0d66bd23a81f6a496a46edda8d61d2d90221dcb3a964c483
393,110676,8186015,0,64501910972,0x2f5105ced98fd0dfaec6eed6125ab0d35f4e5c22,0x8397a31277b483408dc67a7f82783ef5ae9daa56c30421a36f973c60e921a510355ca4743609254844413f5bb3c0a7d7
394,107055,8184146,0,64183734066,0x2f5105ced98fd0dfaec6eed6125ab0d35f4e5c22,0xb2661f47d5706dd1d0a7592635124c01c797db30092d669c0a645115338efe94d0f6c9329effe3f9aca71545e6ca2ed1
395,123279,8183333,0,32011886409,0x2f5105ced98fd0dfaec6eed6125ab0d35f4e5c22,0xac560506f7437555b0dddbe6919f292d4ea2ed933e8079c6ea888b117825a099a52b8143089c5d963268ff0e8bb43d14
396,123284,8182085,0,32011823930,0x2f5105ced98fd0dfaec6eed6125ab0d35f4e5c22,0x80d562bd5681ead11a81b2ffbfb21f52c717be8f24e41d1ac44f601fce8796337ba952ea0845a3df4b53a98c0cf49237
397,123398,8181314,0,32007624325,0x2f5105ced98fd0dfaec6eed6125ab0d35f4e5c22,0x82784fd1d2b05f1b509828729cbb3c1093c53bacf4a685ae79cbc5bb18416e17ef3f992349cd405dad64117875c6274d
398,123671,8179932,0,32010134214,0x2f5105ced98fd0dfaec6eed6125ab0d35f4e5c22,0x99613c7a5c4a183a3513c078f2d2c47761923dc73d67a143626af5037e1b5598e9c178851b3a84423aaebe09bb374f33
399,123285,8175668,0,32011924339,0x2f5105ced98fd0dfaec6eed6125ab0d35f4e5c22,0xb35d49c133fb1058e4d2dbab5469927139a3cdd9d87fa62ba629a0636bf74c8217e8a904d0a67217d4a20b2f042d6064
400,123685,8173306,0,32010162529,0x2f5105ced98fd0dfaec6eed6125ab0d35f4e5c22,0x93e58e4a9989fba1e0d9c7f19d1f952965eb6319fc4b9aad6dc9e03a7852d0412705a70afd87f4c696a36000e2b1b209
401,106467,8172431,0,64271885613,0x2f5105ced98fd0dfaec6eed6125ab0d35f4e5c22,0xb88dfb084075ca0ef04bb247f251d169510964ea8a69a59ae3d3f310042b9986013dc33924e00672b6e37dd37a30c18b
402,123264,8169138,0,32011909384,0x2f5105ced98fd0dfaec6eed6125ab0d35f4e5c22,0x85d2ed18bd67a2b48945ddf35dc04409cc40c449da6c0f2a55ba68890e96fbc1714a6c11058bc0f13ddc034ced5ecb91
403,123505,8164120,0,32012288269,0x2f5105ced98fd0dfaec6eed6125ab0d35f4e5c22,0xb4b2eba5f4bd1d2613f36242ae73835957ffb6f1884c1fab3d0dc18ab35fb1b5e967e5efd40162778b210a9ba18adf6f
404,123225,8163399,0,32015002098,0x2f5105ced98fd0dfaec6eed6125ab0d35f4e5c22,0x835f923112a6aa183d5a5a2f1919a2523193edf14d9cc284fe551bc111ef800b5fd90f8f86b0a13d48a22dfe0a230222
405,123276,8149732,0,32011808508,0x2f5105ced98fd0dfaec6eed6125ab0d35f4e5c22,0xb58dc376e07c67fc8557e892ab3c789b0fac4504074983e4dff120b72607f7148f4df9e725255885222886091cf6e752
406,123856,8143522,0,32010146131,0x2f5105ced98fd0dfaec6eed6125ab0d35f4e5c22,0x9956b46d9f23bed4e8fbeeb08824aebfe5b0bf363922b2a645335699280a2e4c822b320b4e76f6a1fb94055be786491d
407,123942,8141991,0,32009630699,0x2f5105ced98fd0dfaec6eed6125ab0d35f4e5c22,0xb0e22037d72a4c024f432427a58e5da39821684e79a7e38e8b220579b88e729d85c787b709247891cae40e887a13a9e1
408,123569,8139194,0,32013322875,0x2f5105ced98fd0dfaec6eed6125ab0d35f4e5c22,0x971dd4442483e7eceefbf9255c41ef9e8d73a52856d8053f7ad4a4a3a3bd0f0053f4895f20c6eca5aba870adfbd27363
409,123255,8133979,0,32011881317,0x2f5105ced98fd0dfaec6eed6125ab0d35f4e5c22,0x81a96e880bc64e35d9b5f8dc077aa7ca19d44aa707a0a304fe969c7d263875f1620a9a23bb78819f7efc27eef66784cc
410,123646,8129746,0,32010240694,0x2f5105ced98fd0dfaec6eed6125ab0d35f4e5c22,0x8bf10729e8b580a705de26fb28d71f00a519e8613e90fd81c43abc877f36b3fdde36d82ae7bc3fd13afdf112e09742c3
411,123686,8114248,0,32010021713,0x2f5105ced98fd0dfaec6eed6125ab0d35f4e5c22,0x869e5345ba35cfb92af2424a1d7064c146d872b370447561929d935695873800fbd60b18fc9836892164c7b9061ebe34
412,106481,8109780,0,64194617776,0x2f5105ced98fd0dfaec6eed6125ab0d35f4e5c22,0x8e1ecb0f66a3fc404b45b61a47ae023e0f56c1037ed4787d4b5c370b55dad1fa18cc5cfabe8bee470b2cfb44a77d6fa8
413,123675,8103955,0,32010092501,0x2f5105ced98fd0dfaec6eed6125ab0d35f4e5c22,0xacd9c1dd6ac549ca3f97f628d853ae6908e985176aace2041b391e2ff7a1432dc36b4e9dd612d0355d6836e8c6d9f6d7
414,123524,8098850,0,32013447741,0x2f5105ced98fd0dfaec6eed6125ab0d35f4e5c22,0xa3ec95df8bc2a13b1eb700a6d604bfd76af705f5b14b1849f0db5fee97e0e30c815a8fedcd6f4aedb81b8acb75089a86
415,123651,8087868,0,32010191268,0x2f5105ced98fd0dfaec6eed6125ab0d35f4e5c22,0x8f916f0d2d33ecc6a3fc2fea0fb532b91cbcd2e6c45d8ca0776f2074c2d62c7789cc7c205737a15507382516d7d407de
416,123691,8087023,0,32010061527,0x2f5105ced98fd0dfaec6eed6125ab0d35f4e5c22,0xad362b64344e976992da833bfcd5811b33291db8adf5e28987954cb332e6424406ebde918d1334fdd7e8f4812f82d70e
417,123956,8059423,0,32009050841,0x2f5105ced98fd0dfaec6eed6125ab0d35f4e5c22,0x9116263241e604a2409c78e69c854417e4f6ae63a02135d7e914d2a8d36ca7d8fd39b6700c9066f26acc49b4696010af
418,123257,8045073,0,32011898974,0x2f5105ced98fd0dfaec6eed6125ab0d35f4e5c22,0x8baba385c2de055d8148198913ad3ca62365b5414ba7c7eca7d5d7bd350363618701dd0ba69985f3bc3a409a5b0314d3
419,123692,8005043,0,32010001630,0x2f5105ced98fd0dfaec6eed6125ab0d35f4e5c22,0x874647bf6efe37330ddadf398d42efe89480c1f81b68fbedf9cd84d173c2a770de86aa94528dd0e135b859b6bf09cdc1
420,123281,7992235,0,32011663188,0x2f5105ced98fd0dfaec6eed6125ab0d35f4e5c22,0x9699f39fd472ffea0dd7b098601bc7133e1f7953a0d47f55cd3af77d32316c3e71026036dcf7fdf5e51b6b926b7fd5b4
421,123474,7978030,0,32013650593,0x2f5105ced98fd0dfaec6eed6125ab0d35f4e5c22,0xb4aee221103058fdc26e2b3c1ca3050957faa104c8fa1243351329d18e8031210ae654b69904bc5f94195e5554816430
422,123696,7960559,0,32009903460,0x2f5105ced98fd0dfaec6eed6125ab0d35f4e5c22,0xb80ac9f21d505470669795d83c4df9bcd6d5f9ef353fe77f8640aa185041362939084989d0225fac94ca00c68612fb63
423,123537,7925437,0,32013105931,0x2f5105ced98fd0dfaec6eed6125ab0d35f4e5c22,0x85d7814e05cafab935f08e7c6949d03325b07d2538e7230d1a51e505b24b508b8497e9245d3427f0b25ea01290291f06
424,123052,7882041,0,32015710913,0x2f5105ced98fd0dfaec6eed6125ab0d35f4e5c22,0xad960bd17cc4e7f0082cb53ae21b94b6d147df25530a3941aa529450f3a6b55727029d320528352bd43cf646a5e357fe
425,123960,7870532,0,32009093221,0x2f5105ced98fd0dfaec6eed6125ab0d35f4e5c22,0x86e54d9089ceb250b94a1fe0cdb6144a8afaf32116baf5aee19d9e8e8149742150bb26c0c8f0d4b005a2425e9ee0f117
426,123572,7728541,0,32006363278,0x2f5105ced98fd0dfaec6eed6125ab0d35f4e5c22,0x848b5821b8eac4c2be659db991827abd9180052c5e6f5cfafe8d71b59a783549f82e09dbd77f713f4dd48efe30884ab3
427,123433,7551557,0,32013336575,0x2f5105ced98fd0dfaec6eed6125ab0d35f4e5c22,0x96f462399b33f833e8533c2ab5e129ef7e47cfa85a8ea1c911b5296a63a63c0068d0debaf8ae6fdf7c55311907e6adba
428,123969,7497488,34,32007497488,0x2f5105ced98fd0dfaec6eed6125ab0d35f4e5c22,0xa88613e681e2e552b04554bb021da1eedb0f6cfe5ed3ed7454ec55b00543ef2f66a7062c78139377b9f45684c727742b
429,123976,7485886,35,32007485886,0x2f5105ced98fd0dfaec6eed6125ab0d35f4e5c22,0xa52f2bd24d3ca023f3bb187e2790c6ee803fde51b243dec6fe426f63836d9dcd58da828dde1a1b633ec592a94ec65cef
430,123972,7471214,34,32007471214,0x2f5105ced98fd0dfaec6eed6125ab0d35f4e5c22,0xacbfa9f87e1912de91c7fdbeaeda0a87871f860d034d0655e26dbb0f77400568e313a06a0ec5248599da989510b6a4b1
431,123978,7444774,36,32007444774,0x2f5105ced98fd0dfaec6eed6125ab0d35f4e5c22,0xb5c775344b308443522f51e245d90dd961a1761e1b2eef72c4747017415f4fc7567ab70c44c03cc1cea4ac2c82e72d47
432,123970,7434372,34,32007434372,0x2f5105ced98fd0dfaec6eed6125ab0d35f4e5c22,0x81d39718b70cd1064b93933a7e6fc767838a6ca0ac5290abed061fc8a7a83651a62fb894c076ca2ba0ef50a5fe4e1647
433,123975,7397758,35,32007397758,0x2f5105ced98fd0dfaec6eed6125ab0d35f4e5c22,0x919b388c2a61c4456b57809a9ac7186598c72aa3b0d648614f81f977c58cd78bfef82ae704cd2a3f5ba07c3dd404123c
434,123988,7388634,38,32007388634,0x2f5105ced98fd0dfaec6eed6125ab0d35f4e5c22,0xa425b49d9cd5d38a08f29bafd89deb00c35c946cc4b55d2132ad2b5fe4a1b1cf47b02f040a02332b579f041fe579a36d
435,123981,7368102,37,32007368102,0x2f5105ced98fd0dfaec6eed6125ab0d35f4e5c22,0xb479d8f9d1674add24c44c4540331a8b224966c73d93a7125339352f1690e38792438f927d6141225f3d15cac4d2294d
436,123241,7353566,0,32011778525,0x2f5105ced98fd0dfaec6eed6125ab0d35f4e5c22,0xab5ab444c3f75151199d4660a56bdb1a92725e01e2c8aa2a43d9909b884bfaf8eb08c51206c142add7c2c20c998f80f8
437,123982,7345010,37,32007345010,0x2f5105ced98fd0dfaec6eed6125ab0d35f4e5c22,0x87229eea8834d0896d0d4c353ecae840e1b584eb925b94f94b27a76e8bc37856c81b961db81aea78ac241c285ea4f134
438,123979,7342206,36,32007342206,0x2f5105ced98fd0dfaec6eed6125ab0d35f4e5c22,0x8cb940d45ce0536c4420c69dda2318693ea2c83b79239a9f13aa8b33ede6d8e4a1c66f7bf68a67bf2a165571808069a2
439,123983,7333160,37,32007333160,0x2f5105ced98fd0dfaec6eed6125ab0d35f4e5c22,0x83efd03ecd4bcbffd668bb52c62fa15aa8785dc13448ffec0e4c2bc277a7a899dd1661cb64ee1ffe7601e6019d0f9152
440,124000,7320452,41,32007320452,0x2f5105ced98fd0dfaec6eed6125ab0d35f4e5c22,0x85711d6d6da73dd5e2d89ab93a4474e071686dae7347258bb4fdf1bd2b298dcb94795417f0ee697f6107b15de302b21f
441,123998,7319190,41,32007319190,0x2f5105ced98fd0dfaec6eed6125ab0d35f4e5c22,0x9682f2e897f4fb590447acd1d02a91566e857820c9b575ba2233ecba8fa3182b08c5efa2610b8e4ae5fa28c477141d29
442,123989,7319057,39,32007319057,0x2f5105ced98fd0dfaec6eed6125ab0d35f4e5c22,0xa8ec403f09566f676644b62c6264aa010150ebc77351ca4631dc5cada5ef30df3ca8b9140371c6410e66712d2b19f1ba
443,123386,7300597,0,32013469055,0x2f5105ced98fd0dfaec6eed6125ab0d35f4e5c22,0xa3e1df440dc8ad4e1c4dfc57a84e32718e4e613ae491705ca3e3863c6f24038c59297cfd3eb92ca72863fd3fef525c3d
444,123722,7298219,0,32003413180,0x2f5105ced98fd0dfaec6eed6125ab0d35f4e5c22,0xa8b1667fd9deda89f93aa923290cc806d0d9c6e1b3ce56fea77cf129c2da56616618f536ede653ece958c877b6a6b556
445,124013,7269677,45,32007269677,0x2f5105ced98fd0dfaec6eed6125ab0d35f4e5c22,0xb872ea937df347f5adb4bade32fc2e6f77fc05cd151865b9a3c1b6c52a9639464d0d93975b2f98d9074abba1bc359026
446,123466,7249209,0,32005505600,0x2f5105ced98fd0dfaec6eed6125ab0d35f4e5c22,0xa1e3fd70603ca8418e3351a2f6fae4b1281633fcff5c0a38d1840891ed65d6c539bea758ff0135230036b6c6e05bece7
447,124019,7203593,46,32007203593,0x2f5105ced98fd0dfaec6eed6125ab0d35f4e5c22,0x8e79d0ff046118d378b4cf574a2718a13c69c03a1365bd55fd1f14c1ce17c95b990afde43a954a1d5a38b0129fc4fbaf
448,124020,7162958,46,32007162958,0x2f5105ced98fd0dfaec6eed6125ab0d35f4e5c22,0xafa72f61c151daadf6b89d110b671e589e971d9b00c12d6f47771a0ec4158207c1fa01ce6ec44d60b8f44984980d6ee1
449,124044,7101788,164,32007101788,0x2f5105ced98fd0dfaec6eed6125ab0d35f4e5c22,0x96d77e9030d3252d277530ed2fab6236735c3b4f152bef823feaa4ff1f29d561288dac91a3183a176198f0caa714d77e
450,124033,7072225,50,32007072225,0x2f5105ced98fd0dfaec6eed6125ab0d35f4e5c22,0xb3c61a6068dc67ba1bca826b2b1172d27e793ba554ca89395f54362ec64549f808836ae82c01d7f2ec617fddeb893405
451,124040,6989747,51,32006989747,0x2f5105ced98fd0dfaec6eed6125ab0d35f4e5c22,0xb215cfa318ffdb7243fc23972cee8d79efd4547efe25f1acea5fd7e5823c71ff85f2164772023937a922ee741b00c4f4
452,124041,6972294,52,32006972294,0x2f5105ced98fd0dfaec6eed6125ab0d35f4e5c22,0xb8c75e4f284c94bdc4f6449441afbd12943c3cb6afc947e10225254f5c9e51eecb73ebd799104e68e76a437c55fdefdb
453,124027,6897589,48,32006897589,0x2f5105ced98fd0dfaec6eed6125ab0d35f4e5c22,0x8d5c2dc776636389be224650d54ee64088975e095dca83b89bc27a6f907deb126f162364f17510f3f3799b82174a7d36
454,124010,6850660,44,32006850660,0x2f5105ced98fd0dfaec6eed6125ab0d35f4e5c22,0x8c21801012bdbb5bec5cfbe91d5ad5cc74c63c139c234d8cee8225865b63e83f8f2e74bf1c49996a926aaf28d25ab83a
455,123355,6496137,0,32011860620,0x2f5105ced98fd0dfaec6eed6125ab0d35f4e5c22,0xb812468745524212436acc293fa0945c6db91b3c32b1f5ea59e82178e1b08444a6f900f2f5dce2afd854f78ec85c5971
456,124031,6306762,49,32006306762,0x2f5105ced98fd0dfaec6eed6125ab0d35f4e5c22,0x996044305190719a1e93a8adc8de3df225dc19f1b5d30763e93478dd3b8b90dd02bab14892ddc03e235499f9882f6616
457,123705,6126179,0,32002142728,0x2f5105ced98fd0dfaec6eed6125ab0d35f4e5c22,0x94ada2dba31d968a48b93f9fb7e197ba4b503dffec157560857977d5a3d07dcbcc4b231ca33250716141d1480eda8437
458,123218,5949964,0,31998652856,0x2f5105ced98fd0dfaec6eed6125ab0d35f4e5c22,0x93bdfb6b1bc5ea898cdb0f933ca44a47555f2e26c24236d37ebbc43a7f7fb5555fa011cb14a5ab1bc16d431a3446a5da
459,123961,5247097,0,32003993568,0x2f5105ced98fd0dfaec6eed6125ab0d35f4e5c22,0xa2bc1c75f6d3bd774b9e7f6b0286a8ae69ce69c5cf66e2c5c2d74448869244a0c61d6190024afbc4398a0632773d5628
460,124015,4998438,45,32004998438,0x2f5105ced98fd0dfaec6eed6125ab0d35f4e5c22,0x8f7d7085f589d7324046d4b5c0018ae50e143a954ee12cd97cde63e090017bddf907d3dc7f812cc909f83628dde04abd
461,124048,3968561,165,32003968561,0x2f5105ced98fd0dfaec6eed6125ab0d35f4e5c22,0x96151dc69686d613b62ae2e892973de0fd76e2ac2bf92bdaf8e122932b24b2913fa46e98a268a9b0cfea70922e5d944d
462,124056,3952139,167,32003952139,0x2f5105ced98fd0dfaec6eed6125ab0d35f4e5c22,0xa52a37fdca65253d312367fa35120a3ea909d44deb2db4acff94d53740501520db6ac6bb0f4032b1d13b840962ef9ffc
463,124047,3949548,165,32003949548,0x2f5105ced98fd0dfaec6eed6125ab0d35f4e5c22,0xa6d2c41b41425f55b3068461b31c09a323368511e22a9b1daf40127c3bb34f46db22ff8887e9a227025cb9625817d4c2
464,124051,3832002,166,32003832002,0x2f5105ced98fd0dfaec6eed6125ab0d35f4e5c22,0xa52dad01943de5771d07bdc6c8d95d2863b6be48fc68aea7553c948108e73678fe2b0ee28b3312841da67015fdf67190
465,124071,3799459,171,32003799459,0x2f5105ced98fd0dfaec6eed6125ab0d35f4e5c22,0xa85028650ac5fcecdd9babb691f11a5df89186e5556373bdb99eddfddbca29ae8888677db628112aa2c92c410dc0fe0c
466,124073,3795295,171,32003795295,0x2f5105ced98fd0dfaec6eed6125ab0d35f4e5c22,0xb66b76c81318085ef8386ef8ea71a5ecb2594824d5a3d15f4802e4edef9874347703b08dc08a5cc1fa76353f1b30ec5f
467,124055,3520404,167,32003520404,0x2f5105ced98fd0dfaec6eed6125ab0d35f4e5c22,0x87a9d73d2d3195dc5d224f0418d5b0a54052a4942cb17116255711c0ffbf630077dd7eb235f0641950db98b89d434406
468,124058,3364367,167,32003364367,0x2f5105ced98fd0dfaec6eed6125ab0d35f4e5c22,0xb96b8aa13b6218cd8609fd64de548549c50cb8d98bdfafdcff9ff5778317975a2f77ed7c0af2bf33e0a76e26faf5533d
469,123806,3210252,0,32005649152,0x2f5105ced98fd0dfaec6eed6125ab0d35f4e5c22,0xb150eda4dfd1253cc487c6ff3800df433078fa8a2870d5b348c82a4596a81e30e503637ae2b75908f6edcf2a714168ab
470,123790,3160019,0,31999693171,0x2f5105ced98fd0dfaec6eed6125ab0d35f4e5c22,0xac7c2148e71cac7a9275acf04b5b5281924bea3b88b15834d5e61592704a007197a0111d4e35672e7c89ab47c3af212b
471,123381,3144744,0,31997132798,0x2f5105ced98fd0dfaec6eed6125ab0d35f4e5c22,0x96197989df247c10847c949af57ffd63608292a2ced9e80c59286935934293cb6472d476c017d95dfcaac35225e058d3
472,123057,2760589,0,32010644410,0x2f5105ced98fd0dfaec6eed6125ab0d35f4e5c22,0x8fab65e0c9d2d129f364bd514054dfd59bcfa8ccea9dea5c6484f12bd385f76ead334579fa1fef6fe18836091bc253a8
473,124094,2284735,227,32002284735,0x2f5105ced98fd0dfaec6eed6125ab0d35f4e5c22,0x807eb6fb6dfcb3cbf226e619d7a2c11fb3f982380e86894ac49d5d5aacdcb6a0fe288bcb6752b5e4b810c0bedb93ab19
474,124099,2258051,229,32002258051,0x2f5105ced98fd0dfaec6eed6125ab0d35f4e5c22,0xb6b479e119d8a2678e88282d4e08f0b298a6d4d0952b4507c552c3a633b80478022de0bc9d8e7d19f035829e7a0ac374
475,124101,2212180,229,32002212180,0x2f5105ced98fd0dfaec6eed6125ab0d35f4e5c22,0xb9167035f0fa1e3dcd2c8558b6081161376ef16da7f350495ebe06f259ca132efd69988daf3aa688f1567cd216ab1505
476,124097,2201251,228,32002201251,0x2f5105ced98fd0dfaec6eed6125ab0d35f4e5c22,0xacfcf128879147cf91befda425619c040e0af9f9fe1a9a78c563926192d95744431ae80e869be077344eca5e455a4e47
477,123985,2100834,38,32002100834,0x2f5105ced98fd0dfaec6eed6125ab0d35f4e5c22,0x82550bbb91f1a889eb2f69abaa45eff9dde903f8eca584688e08b1842a6800847184c17ab06edbfc6e202184e5a7ecb9
478,124007,1978591,43,32001978591,0x2f5105ced98fd0dfaec6eed6125ab0d35f4e5c22,0xb80e9d781c7b25b41b11ecd32a859e8318dc0cc76f32a3df9f35c303baaa11de4dd130a3fc4cb26b35ca5d1baca6b644
479,124023,1304100,47,32001304100,0x2f5105ced98fd0dfaec6eed6125ab0d35f4e5c22,0xb4afadae905b728fdf18c59fc8e23395121dc1a21057362295c0f3ca1966cb97c458674a36cac8936197d7fc630d3124
480,121429,980703,0,32005666713,0x2f5105ced98fd0dfaec6eed6125ab0d35f4e5c22,0xb1185106fb966bc6ebf76be1c9e4a40efc720755c6ca4599319a0a4a0e55bf58b234c9d833de3a718a6865dc6375f9f1
481,123897,638602,0,31998991761,0x2f5105ced98fd0dfaec6eed6125ab0d35f4e5c22,0xac454e290b28a2d03c38050ea61679ef711c7a06bfd2c00f9bee00e36345995a0c896d14f4372ce3d5b10d95b338e4d6
482,124108,550565,291,32000550565,0x2f5105ced98fd0dfaec6eed6125ab0d35f4e5c22,0xa712fdc9171d74d2cc4d5a5c1582d02a8488de21cf599d463ef1c827266309f82247de73f8d6a92245f289ad29b36959
483,124113,493237,293,32000493237,0x2f5105ced98fd0dfaec6eed6125ab0d35f4e5c22,0xa446f6adcc4a6c07c4b736b222507c21aa7a58407ff6fe0ba77249d0fa06cbf0cfae03cc7b77046bbc9f922d1c3b3161
484,124116,479967,293,32000479967,0x2f5105ced98fd0dfaec6eed6125ab0d35f4e5c22,0xb8017d7dbe84cf2a9c4d61c7dbf162e55f37b1c1b4470534a5934cb3c2f67d4f45372350e2c9b539b03d5e981abda452
485,124119,448459,294,32000448459,0x2f5105ced98fd0dfaec6eed6125ab0d35f4e5c22,0xa18e975c412dca44c8992e20982f08cbd6f9f44488dbc08b04adf6400cc68b717a05d6f6dcf45522156cced3a0bd4a03
486,124124,439356,295,32000439356,0x2f5105ced98fd0dfaec6eed6125ab0d35f4e5c22,0x865437528cc1800c36fb04de1b43b1625108cfc3eb3ebc3fcd93237d47d99c6eafbc55d87c528e03ffe2d05fba5b5d47
487,121421,0,0,32027453800,0x2f5105ced98fd0dfaec6eed6125ab0d35f4e5c22,0xb193534a575bb0818596005a9ba2439d273771cce9086e61673e46ad0df3cf62e3c95136bf4fb7395d3504dd64bcfd9c
488,103863,0,0,64348792602,0x2f5105ced98fd0dfaec6eed6125ab0d35f4e5c22,0x9962d9f622fba9c71577eebb57dd2bcb6ffa6e479a1898380358dc9d823b888375c0be91eea81009e2d9826eb69c3c93
489,105306,0,0,64314045191,0x2f5105ced98fd0dfaec6eed6125ab0d35f4e5c22,0x88451689ab13ccf3cd8ba1c3894d0004d7c34454004f2c495924bca591d097c61e00bb5e32bd0c147623c481fe3e0096
490,105386,0,0,64373807043,0x2f5105ced98fd0dfaec6eed6125ab0d35f4e5c22,0xb9676278428d923824b4bd8a1f6033b4e8365d47b31c0d8c56d3e706863b2291abe65fba2b0490c179517942f18daaab
491,117791,0,0,64024504398,0x2f5105ced98fd0dfaec6eed6125ab0d35f4e5c22,0xb8b5aaa0683f1fba10db43ff018fa1e95b22360abef11415a7185442d1e02b168a68cc1b35c7ddadf3db374d308080c1
492,104085,0,0,64404007385,0x2f5105ced98fd0dfaec6eed6125ab0d35f4e5c22,0xa7ed8919d38b135ad071b7b9bac49b303c8611d0aced13bcca0202d20bd0df03aebccc93674679eae52dd8a11a9bdcc2
493,104056,0,0,64407463828,0x2f5105ced98fd0dfaec6eed6125ab0d35f4e5c22,0x8c53c8d8b3d53f4f61d3b156201954fe699d3f61f3703c067e034b07040f8b758fb78a417e7e852d58877a0286df4d61
494,104225,0,0,64366931871,0x2f5105ced98fd0dfaec6eed6125ab0d35f4e5c22,0x98331caadc7b4249a0f90b4fe68061d98c6ddf0cbd5cb428cb873040c86da176743e72dbc23a3eea4e8e9f88c6f627a9
495,106067,0,0,64363486356,0x2f5105ced98fd0dfaec6eed6125ab0d35f4e5c22,0x8d9e5eec322a7ded618fad7ca3e32f4960d69c2c9951fce8991cdf91313b5139a5021c306d9a22095d69746baf503a79
496,124125,-368460,296,31999631540,0x2f5105ced98fd0dfaec6eed6125ab0d35f4e5c22,0xa050f7b876198dd5f803b5b7b333b9412cc8828adc76d2070a9312f5dee8351044c3c31df4440e11574d3c5e241618e5
497,124120,-417588,294,31999582412,0x2f5105ced98fd0dfaec6eed6125ab0d35f4e5c22,0xb0396e8eb728a21fdd3ca1230ee97e6ec0be81dd048e81005ef5ab2b6ec542bd11a4d31c5330c1c0ea53c20bd5878a5f
498,124114,-442152,293,31999557848,0x2f5105ced98fd0dfaec6eed6125ab0d35f4e5c22,0xb676d07c995dfde20a7bfa7a0ccc574c7d0e7c8d21945562a1817a21d96f3c10d8fa43ddb33f2b9ac1dc6df7c858b429
499,124111,-466716,292,31999533284,0x2f5105ced98fd0dfaec6eed6125ab0d35f4e5c22,0xac80855abc85db39176d2ba18065be40d204bf553829569f38cb5065aa16039e4f05484e65df50295305a5ed417e1f24
500,124096,-2039004,228,31997960996,0x2f5105ced98fd0dfaec6eed6125ab0d35f4e5c22,0xa4ee36cdc66b53ffd85cc52bb49998e1b7e611f1208471ad3931d5fddd724444e20e8a09c9c1f5604789e7183545ce93
501,123183,-2801382,0,31989679612,0x2f5105ced98fd0dfaec6eed6125ab0d35f4e5c22,0xaa9107add063f2c67ca4f923c62f7c6cb56dccec882105dcf5974c4952dc6c87875b434d088cc1fa6cea375c977a126f
502,124068,-3463896,170,31996536104,0x2f5105ced98fd0dfaec6eed6125ab0d35f4e5c22,0x93dc8b1f0ebdf61ce81a9e0e9e3b5eb549779bf2f3b43aee51118dfafd3895fa940126aaa39675d917799f3fcab899a7
503,124065,-3488466,169,31996511534,0x2f5105ced98fd0dfaec6eed6125ab0d35f4e5c22,0x924dce8db92d08157ee9586a7aeb048c589de48da3b3f0253e35a759cd5dfce45747d1eb63b09af05504d45bd14b8719
504,124052,-3562176,166,31996437824,0x2f5105ced98fd0dfaec6eed6125ab0d35f4e5c22,0xa83372278e1e1a3f7ec24380c0fa36d15ef936917abbfd626481cc79ea788acd0bf11b8f406cf3640cb136fb1fe36a0e
505,124054,-3562176,166,31996437824,0x2f5105ced98fd0dfaec6eed6125ab0d35f4e5c22,0x866dbb3cfa9d77baa6a122e1d9c36cffc3892321731fbbe5ff632de65b5e0071f5d5cc8df673aad03e6a754238062306
506,123717,-4083384,0,31992006974,0x2f5105ced98fd0dfaec6eed6125ab0d35f4e5c22,0x97b65a0434f12fe5e8d33ebcad945f21c5dfee7378fd16fe39c27b9044ab9e5f2981892119a4095cf12f4906883a89fe
507,123513,-4124253,0,31990710812,0x2f5105ced98fd0dfaec6eed6125ab0d35f4e5c22,0x938a980e19d6c30756b0903f4cd427507730cd1729e03cf8a53ec471a209b8a561e43e654c6a9bc56c9e72b1fb6f2d9b
508,123602,-4215168,0,31991161523,0x2f5105ced98fd0dfaec6eed6125ab0d35f4e5c22,0x929980dacb637a6dae7e27276cf49edd19d08e89c6758299a17f2378f0761681b5cfbe6f4562ab2be67163949bb85dc2
509,123996,-5845190,40,31994154810,0x2f5105ced98fd0dfaec6eed6125ab0d35f4e5c22,0x80cea5ffd3d0f01e66f926e2b4c587f06173592c3be390fe794ed3ae1a1c0af5b7cc8412e0a941fd7be1699ac04d43c8
510,123702,-5909699,0,31991026621,0x2f5105ced98fd0dfaec6eed6125ab0d35f4e5c22,0x8d44cb74064f3d5a4c35a595df85f3513d8eb4ddf884e7e1e79c44b3505b65511bc7b15504c13390c11652a1befb2325
511,124035,-6412458,50,31993587542,0x2f5105ced98fd0dfaec6eed6125ab0d35f4e5c22,0x83960dda41445e22d54148d65e696a62a2dc8c71d5564cb25b3e20db20cc7e823ee081097bad155708b5806be6849709
512,123973,-6781080,35,31993218920,0x2f5105ced98fd0dfaec6eed6125ab0d35f4e5c22,0x8199f8054d0282c1fc016ebef2b34554ead1e331860a966627702316d5574c6239e7b706e27faa757f0308b5bb1b574e
513,123405,-7510536,0,31997841718,0x2f5105ced98fd0dfaec6eed6125ab0d35f4e5c22,0x8001fc842fffdfae70b1633ce288c86ca2ab6e3689df2e8db5d7df9129cb427b147556b82a42de6665825337bb7721a2
514,105413,-7643652,0,63659020315,0x2f5105ced98fd0dfaec6eed6125ab0d35f4e5c22,0x8a990e3d1c87723c8441ca97ca7b504ca30d7ffc1950f79ea238a4ea01fd4d593ac75522e1e156d00d82b9590a195d06
515,121544,-7665924,0,32006940588,0x2f5105ced98fd0dfaec6eed6125ab0d35f4e5c22,0xa5edddf6b2953b04be2a90cb116cfe706822f10e035a3c41d70bde1fbc2db4398cd909b282c1de56cea60ded082146a0
516,121554,-7665924,0,31959289552,0x2f5105ced98fd0dfaec6eed6125ab0d35f4e5c22,0x99ed324ab7d1a9a7bfdb426c018f99eff8162961fd7e7a5d6ff7169030484c01e56449bd4d8cfc19b490e91347602e5c
517,121555,-7665924,0,32007680761,0x2f5105ced98fd0dfaec6eed6125ab0d35f4e5c22,0x8bce00e90057e425571ce9ece011cc2a40634fba8dd7a4a809978812953f9a1b0aae63aff9987cf51ebc59b070d4082b
518,121565,-7665924,0,31993889386,0x2f5105ced98fd0dfaec6eed6125ab0d35f4e5c22,0xa7c444b056bdc96b4b9ec47ed5d18e66c7179ba7998e731cede068da22c64c47fb372d8eddd775410d1c5e9e7a410af1
519,123070,-7665924,0,31984124530,0x2f5105ced98fd0dfaec6eed6125ab0d35f4e5c22,0x8b7fb1acec3c994ab01043bf290430803906a7300f2278c5f7812809ad0d554f0232f9659f952b4dad44babbbcf81326
520,123078,-7665924,0,31984173862,0x2f5105ced98fd0dfaec6eed6125ab0d35f4e5c22,0xab6c47ed872e290c6ac545f0484ffb40deba6d23ad5927f8a60c0cb70ce1c30a7163ee6d8c752db5d8d9cccc3fd95e0e
521,123082,-7665924,0,31984198528,0x2f5105ced98fd0dfaec6eed6125ab0d35f4e5c22,0xa030df24f80d7693ac5551bf66766c08219819de7897326b127a49d06dc0105f308d561352d76b29e549deedd5c78467
522,123089,-7665924,0,31984247860,0x2f5105ced98fd0dfaec6eed6125ab0d35f4e5c22,0x89076965c5677f198393de09bd10caa3936f04a4bb46ee9cfa36d487202bde72067633e136bf6e0b38522b0ba40e064c
523,123111,-7665924,0,31984371184,0x2f5105ced98fd0dfaec6eed6125ab0d35f4e5c22,0xa735fa9fd56b86dabc2484ae63b09e8616e231946be464290b4d7c6398dda3f410359ec8d5ad57f6d5896459c2eb261d
524,103939,-7665924,0,64091369048,0x2f5105ced98fd0dfaec6eed6125ab0d35f4e5c22,0x842cd572d31b7795094464c61dc1fd17b6f9b77f78b0dc93acaf8ecc71074f6e0bf315273ec99f425bd421987afac92e
525,123235,-7665924,0,31985135581,0x2f5105ced98fd0dfaec6eed6125ab0d35f4e5c22,0xb8d5db12eb1c59ab412c7b6d223fe1fedde7f1a6f63cd8db1dd46ca75f75df9b04fda351af686780b2659abeacac22f3
526,123265,-7665924,0,31985401229,0x2f5105ced98fd0dfaec6eed6125ab0d35f4e5c22,0xacdf131419425c7a5baeddf5d63698ec073fa8b50196eda3f573eb7f44e23dbcdac49b12a26cb85423fa5be751ac9211
527,123294,-7665924,0,31985642681,0x2f5105ced98fd0dfaec6eed6125ab0d35f4e5c22,0x898ecca319b259d0b2c1e6b9ae077fd86c7fd2812f98aca5cbc0fa331776f5131fc816972b081074211b68d8e2448349
528,123295,-7665924,0,31985642681,0x2f5105ced98fd0dfaec6eed6125ab0d35f4e5c22,0x95ec0de8d28fa49f04caa3e1a5494f9f2aecdf60c12c8b89617b010d0a8ced1eeb7b0228c4377a93e8872a7aa516c057
529,123298,-7665924,0,31985667326,0x2f5105ced98fd0dfaec6eed6125ab0d35f4e5c22,0x930e93cfbc6a97f74c31d25f0b494e67413681ff8e8721e96ec1a3d9a3d8134ebfd9185a8c56b83ad6974b612c028669
530,123324,-7665924,0,31985908267,0x2f5105ced98fd0dfaec6eed6125ab0d35f4e5c22,0xa867a7d116478cb8a6634b171cb3c5718abd99332d83127a484e625f2ef875029b8d7a237289cbab6d83cba8574a6350
531,123388,-7665924,0,31986371402,0x2f5105ced98fd0dfaec6eed6125ab0d35f4e5c22,0x8f02041c780ff657cf2e91e5f1f0aa1e08fe4c893bac8c3547402d2fcb447062a405a048f399a123f855fcfb2077e2f7
532,123436,-7665924,0,31986701219,0x2f5105ced98fd0dfaec6eed6125ab0d35f4e5c22,0x857368b091afaa85c542cebd84aac4c319ae8a44f8ddb2d87b147aedc8e12438f5f8a6f21155b15c63cfca626147f8fd
533,107180,-7665924,0,63929642638,0x2f5105ced98fd0dfaec6eed6125ab0d35f4e5c22,0xb091fe9cac13febd49552f571a97f5d6314f976727ee7895e8ddddfd959215646e57f04f02c7095fbbc4ae0bdde5e0fd
534,123531,-7665924,0,31987267634,0x2f5105ced98fd0dfaec6eed6125ab0d35f4e5c22,0xad91cbec102b9565d93ac9d9f1f1045966c7fce5c0e1758de1fb37cdd5d520c5828ae483a5dc50eb1db559698f08df69
535,123654,-7665924,0,31988030729,0x2f5105ced98fd0dfaec6eed6125ab0d35f4e5c22,0xa3e42af1d8bb8b120a7e86f4fa49e204112a38222fc029ba3944ab15822b68e4404922a128230b3eefd4c413e00ae1e3
536,123723,-7665924,0,31988449037,0x2f5105ced98fd0dfaec6eed6125ab0d35f4e5c22,0xb533d828a73e75a5438df39e1b7f6fe0b7a7d5c5640e5491dbd912c6930b7a0010dc2b27748c470df99cb7519c90d9f0
537,123724,-7665924,0,31988473640,0x2f5105ced98fd0dfaec6eed6125ab0d35f4e5c22,0xa5996a52b73e16e11cfa26019f38eee05c8607d2113e485972cf446ceaf5690adc9b4d852d3194a8c0fb025767ced7b7
538,123726,-7665924,0,31988473640,0x2f5105ced98fd0dfaec6eed6125ab0d35f4e5c22,0xb3b7faf99070b87bcabf42d9e4a6ba36220d50a5db18c513d6d205c272ad0efa2e84ee4073350ec4e287feabb32adb1d
539,123731,-7665924,0,31988498243,0x2f5105ced98fd0dfaec6eed6125ab0d35f4e5c22,0xa84d4f734ac9f6a1abba910d88be604656e7edb92d2cbaf7889b1e2740dd639ef591be855abea0b9b65c54fd6109136d
540,123735,-7665924,0,31988522846,0x2f5105ced98fd0dfaec6eed6125ab0d35f4e5c22,0x8ac4943e7111235b8b8a9cec66739bb76251aaa5ac0f3eea033f4752a8dc00f3712d5bc0abddb9cbbbe0e748183acea2
541,123736,-7665924,0,31988547446,0x2f5105ced98fd0dfaec6eed6125ab0d35f4e5c22,0x8f34a5b04419cbc90606a4b738837aa86c6dd41c3c52cb1e925ac140d130b13dda6dc706c8adabafae0a112fe6272611
542,123849,-7665924,0,31990392185,0x2f5105ced98fd0dfaec6eed6125ab0d35f4e5c22,0xa2f369e3b3ea9854ef47adbd78e27c15ba14d069756d6ad49546db73884a7c16e57e23719971f8aa0f8b7477005a0f52
543,123872,-7665924,0,31990539716,0x2f5105ced98fd0dfaec6eed6125ab0d35f4e5c22,0x99b9bca1144b0e6c8dc2cb2ba3189cec2c7e8d411bd05d0bb7c3d7feb0a7aefced89a29b2bd497698973134bddaf9e8d
544,123884,-7665924,0,31990613480,0x2f5105ced98fd0dfaec6eed6125ab0d35f4e5c22,0x976841fc372e62b70c024c18de74d354127f659b58294019d360bc212560c53981ba1f0b0f6628d76ae4a436d931de35
545,123934,-7665924,0,31990908485,0x2f5105ced98fd0dfaec6eed6125ab0d35f4e5c22,0xa14e996d0ce3a27e02b01fd5a9ad65a37d81ebb0bf6ce443dc9530d48d91b3193e7c8f79a88ea13f0946c4f867f73311
546,123939,-7665924,0,31990933067,0x2f5105ced98fd0dfaec6eed6125ab0d35f4e5c22,0xa87a3525b2b4f0d206f8a75c038e90677faae06a9ed16b784e8b798870753144f6edb4f4d74f4cdb3ac9b2fc76d2af61
547,123943,-7665924,0,31990957649,0x2f5105ced98fd0dfaec6eed6125ab0d35f4e5c22,0xa2693f8d10013587d4cbcc12b66b08c8034fadc90e062d65f673a5ec920951f07426192cafb8c31bdff3bc397af238b3
548,123947,-7665924,0,31990982231,0x2f5105ced98fd0dfaec6eed6125ab0d35f4e5c22,0x980297c0eba1c1dda02255bbbf2a0ee0b6b67b9685f3081ca04c9401a48ca6fe6ae19f9d325a946914eed542f9d28635
549,123951,-7665924,0,31991006810,0x2f5105ced98fd0dfaec6eed6125ab0d35f4e5c22,0xb092e9bee85e4790be62d3b8aeb7eafd09c23d98d815c779fe8be8be00094dbff24043b1be15840df0694057bb40c48a
550,123952,-7665924,0,31991031389,0x2f5105ced98fd0dfaec6eed6125ab0d35f4e5c22,0x9963eae22010834c7bbce8bf83093ed94a146ff88a2691397def9b799a2fd269cd97d2d84d127148778460ab1b9ac0d6
